timestamp,open,high,low,close,volume
1763830500,84672.23,84765.08,84657.39,84694.66,32.82205
1763830800,84694.65,84717.55,84510.53,84517.47,34.74714
1763831100,84517.48,84645.7,84472.7,84630.28,48.55876
1763831400,84630.29,84660.0,84423.98,84543.38,67.20748
1763831700,84543.38,84596.73,84486.02,84502.1,42.95007
1763832000,84502.1,84643.21,84493.6,84643.21,14.38154
1763832300,84643.21,84720.0,84598.14,84703.31,18.34993
1763832600,84703.31,84724.58,84563.91,84605.62,18.93627
1763832900,84605.63,84618.91,84528.64,84609.7,22.17293
1763833200,84609.7,84620.0,84523.53,84547.55,20.90535
1763833500,84547.55,84567.78,84464.49,84500.02,18.5886
1763833800,84500.02,84555.59,84500.01,84532.54,17.24561
1763834100,84532.53,84630.0,84499.53,84554.2,33.8937
1763834400,84554.2,84558.99,84494.46,84527.3,10.0986
1763834700,84527.3,84639.27,84491.9,84620.25,22.67965
1763835000,84620.25,84678.0,84581.02,84614.41,42.0288
1763835300,84614.42,84614.42,84540.73,84590.99,15.32088
1763835600,84590.99,84626.0,84554.19,84609.99,28.62282
1763835900,84610.0,84624.7,84533.08,84598.0,13.39952
1763836200,84597.99,84600.89,84488.55,84510.54,14.01277
1763836500,84510.54,84539.76,84480.66,84521.21,24.29501
1763836800,84521.21,84586.4,84521.2,84563.1,12.7011
1763837100,84563.1,84657.4,84535.96,84657.4,20.32224
1763837400,84657.4,84678.38,84595.99,84613.35,21.86649
1763837700,84613.36,84659.8,84564.32,84659.79,18.63646
1763838000,84659.8,84679.98,84592.17,84617.62,10.10701
1763838300,84617.61,84790.79,84588.02,84755.04,42.57771
1763838600,84755.04,84755.04,84662.99,84708.42,18.94373
1763838900,84708.42,84789.21,84708.42,84765.48,11.46018
1763839200,84765.48,84765.49,84609.76,84643.93,11.47062
1763839500,84643.92,84654.32,84581.99,84617.88,19.79372
1763839800,84617.89,84638.92,84576.96,84615.05,19.49493
1763840100,84615.05,84631.85,84544.04,84606.5,17.23495
1763840400,84606.5,84628.45,84510.53,84579.88,19.39083
1763840700,84579.88,84639.99,84562.82,84639.02,23.29943
1763841000,84639.02,84733.63,84639.02,84666.01,10.81528
1763841300,84666.0,84683.22,84609.76,84609.76,19.11078
1763841600,84609.77,84808.22,84599.98,84796.7,27.56805
1763841900,84796.71,84796.71,84633.42,84652.9,29.32857
1763842200,84652.91,84776.0,84652.9,84765.07,13.39858
1763842500,84765.08,84796.48,84680.0,84697.29,21.7387
1763842800,84697.28,84787.07,84659.23,84718.61,14.00696
1763843100,84718.6,84759.03,84694.59,84759.02,9.63901
1763843400,84759.02,84759.03,84627.19,84666.88,27.79704
1763843700,84666.87,84666.88,84504.79,84582.3,21.20768
1763844000,84582.31,84582.31,84423.0,84423.01,22.32299
1763844300,84423.01,84478.0,84321.67,84321.68,26.72024
1763844600,84321.68,84373.16,84244.51,84290.77,37.57309
1763844900,84290.78,84500.0,84268.17,84474.41,23.56757
1763845200,84474.41,84474.41,84404.0,84461.66,11.81377
1763845500,84462.34,84510.54,84335.42,84343.79,87.01115
1763845800,84343.79,84395.77,84237.7,84297.94,17.68587
1763846100,84297.93,84399.99,84295.2,84358.57,11.76952
1763846400,84358.57,84438.59,84348.02,84393.44,18.96159
1763846700,84393.44,84393.44,84304.01,84308.01,15.22427
1763847000,84308.01,84383.99,84308.0,84365.04,12.23718
1763847300,84365.04,84365.04,84285.14,84312.07,15.61226
1763847600,84312.08,84437.67,84312.07,84403.26,20.82482
1763847900,84403.26,84438.64,84352.59,84356.02,27.63726
1763848200,84356.03,84418.28,84316.39,84418.28,17.58358
1763848500,84418.27,84424.0,84387.35,84411.3,12.67114
1763848800,84411.31,84450.11,84328.47,84337.02,17.65268
1763849100,84337.03,84337.04,84269.04,84307.35,23.89064
1763849400,84307.36,84600.01,84307.35,84595.61,141.37119
1763849700,84595.61,84685.64,84539.71,84539.71,58.46584
1763850000,84539.71,84670.06,84539.71,84670.06,31.46633
1763850300,84670.05,84670.05,84554.19,84616.51,29.29835
1763850600,84616.51,84689.99,84566.33,84661.59,24.13993
1763850900,84661.59,84744.61,84635.34,84708.99,20.0473
1763851200,84708.98,84760.59,84667.6,84760.58,22.92284
1763851500,84760.59,84808.2,84722.17,84788.09,48.06778
1763851800,84788.1,85237.93,84773.33,85185.75,160.92704
1763852100,85185.76,85260.0,85066.03,85072.88,70.03859
1763852400,85072.87,85178.0,84968.95,85145.48,78.3656
1763852700,85145.49,85145.49,84850.0,84913.47,49.00452
1763853000,84913.46,85050.0,84863.78,85050.0,48.12808
1763853300,85050.01,85055.87,84766.81,84822.97,45.56483
1763853600,84822.98,84907.45,84779.85,84881.78,23.92238
1763853900,84881.78,84907.45,84827.2,84859.32,22.93338
1763854200,84859.32,85039.8,84798.0,85016.83,77.98731
1763854500,85016.82,85017.17,84940.64,84963.91,23.18176
1763854800,84963.9,84996.86,84723.87,84806.86,49.1733
1763855100,84806.86,84825.75,84765.07,84791.49,32.8896
1763855400,84791.49,84804.52,84716.48,84723.55,20.32893
1763855700,84723.56,84749.15,84670.56,84739.74,26.74529
1763856000,84739.75,84966.99,84667.57,84919.73,75.89808
1763856300,84919.73,85050.0,84919.73,85040.0,35.0319
1763856600,85040.6,85187.05,85040.59,85187.01,73.25042
1763856900,85187.0,85260.0,85100.0,85144.74,71.76071
1763857200,85144.74,85255.16,85006.67,85254.01,92.69953
1763857500,85254.01,85325.94,85062.45,85067.87,148.98908
1763857800,85067.88,85160.31,84979.08,85124.76,86.15857
1763858100,85124.77,85128.69,85000.0,85006.67,45.41142
1763858400,85006.68,85014.39,84909.12,85000.92,64.2547
1763858700,85000.92,85059.63,84930.0,85017.9,27.86399
1763859000,85017.91,85129.38,84982.81,85007.01,33.30469
1763859300,85007.01,85007.01,84893.21,84971.74,34.80277
1763859600,84971.74,85216.63,84950.97,85216.63,64.56361
1763859900,85216.99,85260.38,85173.99,85260.38,27.54685
1763860200,85260.38,85344.29,85218.37,85334.88,61.78554
1763860500,85334.88,85609.75,85291.43,85438.76,114.15779
1763860800,85438.76,85479.47,85304.36,85388.98,132.5985
1763861100,85388.98,85548.56,85352.97,85530.39,70.11464
1763861400,85530.39,85566.93,85458.01,85533.94,71.7402
1763861700,85533.93,85726.0,85530.0,85705.83,120.83263
1763862000,85705.83,85923.07,85660.0,85890.72,174.88833
1763862300,85890.73,85925.94,85722.99,85756.26,147.48566
1763862600,85756.26,86184.6,85735.07,85847.48,184.41404
1763862900,85847.49,85959.46,85744.1,85879.83,77.00822
1763863200,85879.83,86017.21,85767.05,85989.38,117.1258
1763863500,85989.38,86105.76,85689.36,85718.0,181.30533
1763863800,85718.0,85847.44,85701.28,85822.87,42.83051
1763864100,85822.87,85886.79,85733.49,85803.14,72.58599
1763864400,85803.14,85990.0,85735.27,85956.52,87.80751
1763864700,85956.52,86218.0,85928.0,86042.62,146.56613
1763865000,86042.62,86225.62,86033.24,86184.04,98.7924
1763865300,86184.04,86294.0,86092.59,86282.62,101.65731
1763865600,86282.61,86349.84,86164.0,86168.32,152.31324
1763865900,86168.33,86269.36,86096.02,86223.77,92.19866
1763866200,86223.76,86296.65,86027.41,86061.2,116.57687
1763866500,86061.19,86108.0,85958.74,86000.34,106.99801
1763866800,86000.34,86006.0,85880.75,85886.23,76.34698
1763867100,85886.24,86049.96,85840.0,86041.51,49.53395
1763867400,86041.51,86098.18,85853.05,85886.58,59.11333
1763867700,85886.58,85960.0,85820.68,85945.25,69.49156
1763868000,85945.24,85945.25,85832.26,85886.59,37.06432
1763868300,85886.59,85945.05,85854.0,85945.04,21.13586
1763868600,85945.05,86072.39,85891.64,86059.58,44.69009
1763868900,86059.58,86161.21,86005.02,86040.01,69.02457
1763869200,86040.0,86107.03,86003.07,86084.02,29.5449
1763869500,86084.03,86126.62,86020.0,86060.21,40.44784
1763869800,86060.2,86127.04,86002.0,86111.97,44.7209
1763870100,86111.97,86308.55,86103.89,86308.54,109.71738
1763870400,86308.54,86404.58,86223.3,86260.8,73.09609
1763870700,86260.79,86491.22,86150.61,86447.65,106.08395
1763871000,86447.65,86507.87,86363.36,86461.94,136.52677
1763871300,86461.93,86594.26,86380.0,86587.96,121.06609
1763871600,86587.97,86860.0,86556.71,86559.18,163.34003
1763871900,86559.17,86661.5,86478.02,86502.0,105.17934
1763872200,86501.99,86603.5,86425.46,86603.49,64.57415
1763872500,86603.5,86620.18,86476.84,86611.52,57.63367
1763872800,86611.52,86611.52,86536.0,86584.5,25.079
1763873100,86584.5,86693.56,86555.0,86586.83,67.94324
1763873400,86586.82,86665.95,86543.45,86543.46,57.64762
1763873700,86543.45,86630.76,86458.12,86548.2,66.94392
1763874000,86548.19,86593.68,86433.21,86453.53,50.68108
1763874300,86453.54,86525.93,86387.46,86413.02,63.7525
1763874600,86413.01,86477.95,86375.33,86449.79,59.0032
1763874900,86449.79,86449.79,86350.99,86374.1,32.98724
1763875200,86374.1,86400.01,86287.05,86328.61,46.01989
1763875500,86328.61,86340.0,86232.42,86235.61,30.63215
1763875800,86235.61,86268.02,86201.0,86201.01,25.69871
1763876100,86201.0,86238.0,86004.85,86109.99,121.21732
1763876400,86110.0,86143.01,86036.13,86042.08,31.35725
1763876700,86042.08,86267.99,86042.07,86249.99,38.51616
1763877000,86249.99,86276.7,86210.18,86276.69,58.36881
1763877300,86276.7,86358.28,86222.89,86358.28,34.70101
1763877600,86358.27,86430.22,86270.0,86421.58,50.12844
1763877900,86421.58,86500.0,86380.0,86437.74,46.51022
1763878200,86437.73,86451.84,86279.03,86287.36,46.04156
1763878500,86287.36,86306.61,86183.88,86211.88,36.79163
1763878800,86211.88,86299.99,86094.6,86139.56,30.58283
1763879100,86139.56,86177.94,86081.7,86164.95,29.70682
1763879400,86164.95,86185.63,86059.29,86059.29,44.57221
1763879700,86059.29,86082.75,86000.0,86030.91,75.64834
1763880000,86030.91,86075.15,86000.01,86025.45,36.04408
1763880300,86025.45,86111.86,86002.74,86008.32,33.55823
1763880600,86008.32,86017.92,85883.85,85933.99,79.08612
1763880900,85933.99,85934.0,85864.68,85864.68,37.89437
1763881200,85864.69,85909.01,85700.95,85727.15,82.40431
1763881500,85727.16,85781.74,85602.32,85765.9,61.42587
1763881800,85765.9,85911.72,85765.89,85866.88,44.69191
1763882100,85866.88,85895.05,85636.89,85681.22,132.66689
1763882400,85681.22,85780.61,85622.82,85750.9,47.82714
1763882700,85750.9,85754.76,85420.0,85522.67,124.73704
1763883000,85522.67,85571.12,85454.0,85549.66,57.78368
1763883300,85549.65,85660.64,85502.36,85651.55,41.76132
1763883600,85651.55,85723.45,85617.59,85703.52,44.53507
1763883900,85703.52,85775.53,85638.88,85758.56,33.47506
1763884200,85758.56,85805.44,85708.11,85708.11,32.09242
1763884500,85708.11,85791.01,85650.0,85782.19,24.99882
1763884800,85782.18,85919.34,85768.22,85864.95,77.27163
1763885100,85864.94,85984.0,85864.94,85940.02,38.69369
1763885400,85940.03,86075.19,85940.02,85988.32,60.49551
1763885700,85988.33,86077.4,85950.1,86060.18,38.34717
1763886000,86060.18,86115.43,86017.11,86036.4,27.18296
1763886300,86036.4,86088.89,85974.16,85988.88,40.42912
1763886600,85988.88,86022.0,85883.25,86012.78,48.34982
1763886900,86012.78,86021.5,85900.0,85938.09,27.60756
1763887200,85938.08,85950.88,85850.0,85857.78,22.89983
1763887500,85857.79,86110.6,85857.78,86062.24,64.53464
1763887800,86062.24,86070.43,85988.0,86015.41,29.15526
1763888100,86015.41,86196.94,86015.41,86137.19,79.5205
1763888400,86137.18,86150.16,86084.04,86141.57,20.14929
1763888700,86141.57,86209.02,86080.02,86125.06,32.51771
1763889000,86125.07,86238.86,86125.06,86225.0,24.59002
1763889300,86224.99,86256.48,86096.16,86206.44,72.90765
1763889600,86206.43,86253.76,86121.4,86149.59,29.55575
1763889900,86149.59,86193.54,86106.56,86161.43,15.75234
1763890200,86161.43,86227.96,86132.81,86140.23,18.72988
1763890500,86140.23,86314.99,86090.78,86251.19,36.65707
1763890800,86251.18,86465.24,86250.0,86449.99,67.73601
1763891100,86450.0,86463.58,86360.0,86380.11,55.85626
1763891400,86380.12,86395.7,86322.02,86395.7,30.31657
1763891700,86395.7,86420.59,86328.0,86393.02,22.47372
1763892000,86393.03,86452.0,86280.38,86306.75,36.45472
1763892300,86306.74,86326.98,86260.96,86315.22,27.01646
1763892600,86315.22,86315.57,86241.37,86285.71,20.57803
1763892900,86285.71,86285.71,86200.0,86220.0,31.65752
1763893200,86219.99,86347.54,86203.99,86307.06,27.14255
1763893500,86307.05,86383.48,86157.68,86164.3,48.71017
1763893800,86164.29,86174.08,86111.01,86122.79,25.66169
1763894100,86122.79,86234.48,86095.15,86220.31,21.64259
1763894400,86220.31,86317.3,86220.31,86233.4,23.3982
1763894700,86233.39,86261.97,86205.29,86208.55,30.88552
1763895000,86208.56,86269.99,86150.0,86261.6,41.01835
1763895300,86261.61,86278.14,86058.96,86066.23,95.45921
1763895600,86066.24,86066.24,85905.35,85905.36,66.75631
1763895900,85905.35,85999.31,85814.92,85942.88,113.45409
1763896200,85942.88,85959.57,85846.9,85945.94,95.55287
1763896500,85945.94,85999.99,85874.97,85983.99,47.30111
1763896800,85984.0,86047.88,85967.68,86007.29,22.80261
1763897100,86007.28,86138.99,86005.93,86046.47,126.02141
1763897400,86046.46,86224.88,86035.8,86213.11,30.13077
1763897700,86213.11,86235.28,86102.37,86135.29,22.3749
1763898000,86135.29,86277.6,86135.28,86256.38,23.96482
1763898300,86256.37,86421.0,86256.37,86354.94,63.83909
1763898600,86354.94,86354.95,86200.0,86281.88,40.21419
1763898900,86281.88,86331.28,86252.0,86331.28,23.63643
1763899200,86331.28,86467.32,86271.1,86440.16,64.79007
1763899500,86440.17,86510.37,86376.51,86398.28,61.07292
1763899800,86398.27,86630.78,86398.27,86597.45,57.9897
1763900100,86597.46,86810.6,86597.46,86784.42,142.85941
1763900400,86784.41,86855.14,86708.18,86803.87,78.96158
1763900700,86803.88,86847.99,86703.5,86777.01,90.12618
1763901000,86777.01,86796.54,86700.0,86713.41,76.41146
1763901300,86713.4,86892.0,86650.0,86682.47,123.33527
1763901600,86682.47,86682.48,86500.01,86596.76,81.87436
1763901900,86596.76,86649.55,86452.54,86495.47,52.22894
1763902200,86495.48,86682.44,86495.48,86629.24,54.87176
1763902500,86629.23,86644.05,86478.27,86530.04,32.96542
1763902800,86530.04,86700.01,86508.27,86700.01,57.15164
1763903100,86700.02,86752.76,86562.17,86625.11,49.97189
1763903400,86625.1,86625.11,86318.98,86351.43,85.39896
1763903700,86351.43,86599.53,86351.43,86599.53,36.09158
1763904000,86599.52,86639.98,86401.23,86446.79,40.15518
1763904300,86446.79,86500.0,86417.63,86478.51,32.63352
1763904600,86478.51,86572.0,86410.43,86486.96,47.74462
1763904900,86486.97,86723.91,86462.46,86673.4,36.83251
1763905200,86673.41,86735.1,86650.0,86709.83,44.98108
1763905500,86709.83,86880.13,86656.46,86878.99,71.69295
1763905800,86878.99,86934.0,86750.0,86798.01,79.94716
1763906100,86798.0,86928.31,86796.36,86928.31,63.73346
1763906400,86928.3,87200.0,86900.0,87142.01,242.95068
1763906700,87142.01,87142.02,86752.59,86808.01,204.70649
1763907000,86808.01,86892.48,86742.55,86811.57,67.88892
1763907300,86811.56,86849.48,86656.47,86656.47,62.69179
1763907600,86656.48,86739.29,86656.47,86738.3,38.65579
1763907900,86738.3,86831.49,86738.29,86789.86,39.04161
1763908200,86789.86,86898.06,86728.3,86872.01,51.0554
1763908500,86872.01,86944.69,86665.18,86744.69,80.01729
1763908800,86744.69,86860.45,86738.06,86770.33,49.81489
1763909100,86770.33,86845.14,86571.74,86682.01,63.78358
1763909400,86682.0,86682.0,86482.98,86567.99,129.48614
1763909700,86568.0,86647.9,86520.01,86547.4,118.20269
1763910000,86547.4,86584.74,86451.9,86540.02,96.64712
1763910300,86540.01,86682.01,86493.57,86627.11,44.09918
1763910600,86627.11,86767.87,86627.1,86709.02,45.85546
1763910900,86709.01,86754.9,86658.01,86745.61,42.26553
1763911200,86745.63,86813.24,86600.04,86700.72,55.79946
1763911500,86700.71,86733.34,86612.6,86692.61,34.38013
1763911800,86692.61,86859.99,86668.0,86858.01,38.3794
1763912100,86858.02,86999.0,86813.42,86994.02,47.88031
1763912400,86994.03,87060.0,86980.01,87016.81,103.57007
1763912700,87016.81,87058.28,86935.13,86968.64,93.95189
1763913000,86968.64,87059.99,86907.93,87059.98,63.71281
1763913300,87059.99,87244.51,87059.99,87087.44,92.70851
1763913600,87087.44,87321.05,87078.69,87267.79,111.63129
1763913900,87267.8,87500.0,87226.08,87274.37,221.15026
1763914200,87274.38,87289.31,87118.73,87193.96,93.2798
1763914500,87193.97,87208.91,87058.27,87075.78,79.98706
1763914800,87075.78,87099.99,86987.99,86987.99,74.63958
1763915100,86988.0,87122.82,86965.16,87065.55,82.27472
1763915400,87065.55,87304.33,86938.56,87266.77,163.54515
1763915700,87266.78,87384.44,87221.53,87369.04,126.08338
1763916000,87369.04,87420.0,87322.1,87344.01,95.73912
1763916300,87344.01,87349.01,87224.74,87245.13,104.37063
1763916600,87245.13,87246.4,87098.02,87098.03,82.16601
1763916900,87098.03,87154.16,86670.23,86685.6,214.2916
1763917200,86685.59,86738.98,86502.47,86705.44,170.4754
1763917500,86705.45,86827.95,86667.07,86716.1,82.89716
1763917800,86716.11,86767.11,86622.58,86710.7,51.77044
1763918100,86710.69,86765.14,86560.76,86673.93,74.39603
1763918400,86673.93,86724.79,86600.32,86655.34,45.27098
1763918700,86655.34,86918.9,86646.1,86889.24,55.25777
1763919000,86889.24,86891.56,86756.57,86835.95,53.50022
1763919300,86835.95,86957.45,86827.37,86830.04,40.31496
1763919600,86830.04,86896.59,86820.93,86877.0,29.86781
1763919900,86877.0,86883.92,86604.19,86653.32,83.39396
1763920200,86653.33,86731.95,86615.84,86675.35,36.85015
1763920500,86675.36,86787.36,86669.63,86746.51,28.55351
1763920800,86746.52,86930.55,86746.52,86837.53,43.89888
1763921100,86837.53,86900.0,86834.01,86883.71,22.4544
1763921400,86883.7,86883.71,86724.78,86798.69,50.10584
1763921700,86798.69,87138.43,86790.24,87098.65,82.80304
1763922000,87098.65,87178.18,86963.45,87008.08,66.55119
1763922300,87008.09,87014.67,86850.0,86888.47,38.34434
1763922600,86888.46,87039.98,86873.0,87030.47,48.87989
1763922900,87030.46,87153.15,87030.46,87145.99,29.82785
1763923200,87146.0,87259.58,87145.92,87198.94,43.46002
1763923500,87198.94,87198.95,86972.24,86993.82,63.05515
1763923800,86993.82,87100.0,86938.56,87071.89,66.22345
1763924100,87071.88,87071.88,86950.0,86995.02,28.49204
1763924400,86995.02,87195.0,86938.6,87184.35,49.583
1763924700,87184.35,87239.63,87048.88,87179.9,36.85221
1763925000,87179.9,87251.82,87179.9,87239.6,26.79838
1763925300,87239.6,87380.65,87239.59,87380.65,59.50321
1763925600,87380.65,87541.18,87309.14,87502.93,71.38252
1763925900,87502.92,87514.85,87328.5,87332.64,68.40545
1763926200,87332.64,87628.18,87321.29,87587.25,116.3643
1763926500,87587.26,87689.47,87544.74,87575.4,179.59011
1763926800,87575.4,87670.49,87520.01,87631.34,74.31677
1763927100,87631.33,87656.85,87501.0,87537.11,85.48822
1763927400,87537.11,87605.69,87506.16,87534.79,37.9181
1763927700,87534.78,87557.01,87289.27,87325.01,119.95205
1763928000,87325.01,87515.33,87323.61,87508.07,54.7372
1763928300,87508.07,87508.07,87233.63,87314.69,76.45241
1763928600,87314.69,87451.62,87265.81,87451.62,47.75346
1763928900,87451.61,87578.07,87413.21,87578.07,33.93348
1763929200,87578.06,87694.68,87466.85,87672.34,115.4836
1763929500,87672.34,87683.97,87603.14,87623.91,34.496
1763929800,87623.91,87650.46,87427.0,87443.97,82.74441
1763930100,87443.97,87650.0,87443.96,87638.43,40.9198
1763930400,87638.43,87638.43,87430.12,87529.87,66.33313
1763930700,87529.87,87554.25,87451.61,87470.58,45.30593
1763931000,87470.58,87594.44,87470.58,87485.75,46.12158
1763931300,87485.74,87544.0,87416.2,87483.36,82.43896
1763931600,87483.37,87483.37,87332.6,87423.81,71.32497
1763931900,87423.81,87537.08,87315.48,87321.32,42.91095
1763932200,87321.32,87363.74,87150.0,87288.92,68.82722
1763932500,87288.92,87403.82,87271.72,87349.0,38.59874
1763932800,87349.01,87500.0,87337.8,87448.0,36.33116
1763933100,87448.01,87596.74,87448.01,87596.74,25.56119
1763933400,87596.74,87690.12,87550.26,87690.11,38.76376
1763933700,87690.12,87759.45,87620.94,87696.68,52.18288
1763934000,87696.67,87816.78,87656.84,87656.84,53.3681
1763934300,87656.84,87799.68,87622.84,87774.22,49.81746
1763934600,87774.21,87908.0,87757.76,87897.25,96.58953
1763934900,87897.25,88000.0,87868.0,87992.02,73.70178
1763935200,87992.03,88127.64,87725.25,87784.24,171.32575
1763935500,87784.24,87894.48,87681.8,87715.12,68.031
1763935800,87715.12,87800.0,87687.43,87748.33,61.76666
1763936100,87748.32,87782.99,87554.23,87702.2,122.55876
1763936400,87702.19,88000.0,87702.19,87882.15,42.88795
1763936700,87882.14,87954.36,87773.05,87904.34,60.09593
1763937000,87904.34,87904.34,87725.26,87729.09,67.06621
1763937300,87729.08,87796.83,87683.53,87727.18,35.3687
1763937600,87727.17,87865.42,87659.61,87760.72,50.0107
1763937900,87760.71,87876.42,87750.0,87876.42,41.92175
1763938200,87876.42,87876.63,87830.03,87876.62,24.85731
1763938500,87876.62,88050.0,87864.97,88004.0,60.51975
1763938800,88004.01,88086.96,87463.88,87545.91,152.15914
1763939100,87545.91,87596.33,87454.54,87507.47,87.95615
1763939400,87507.48,87614.09,87332.0,87332.0,111.77934
1763939700,87332.01,87429.44,86958.69,87093.31,189.40995
1763940000,87093.31,87093.31,86858.0,87009.55,159.97364
1763940300,87009.56,87116.0,86946.72,87064.04,99.22561
1763940600,87064.03,87064.03,86824.67,86886.64,102.84437
1763940900,86886.63,86950.0,86701.54,86792.93,173.84177
1763941200,86792.92,86905.49,86775.08,86854.24,53.78482
1763941500,86854.24,86938.57,86800.38,86835.92,60.62425
1763941800,86835.91,86914.25,86750.0,86819.74,70.64648
1763942100,86819.73,86866.84,86764.33,86830.0,103.21788
1763942400,86830.0,86830.0,86612.74,86612.74,107.40508
1763942700,86612.73,86630.72,86273.83,86375.09,204.8746
1763943000,86375.08,86464.73,86297.0,86334.53,66.60413
1763943300,86334.52,86334.52,86050.0,86070.98,146.89246
1763943600,86070.99,86300.0,85946.65,86275.84,207.02356
1763943900,86275.83,86468.79,86182.47,86445.49,107.96429
1763944200,86445.48,86550.0,86257.91,86550.0,112.90679
1763944500,86550.0,86911.69,86549.99,86871.23,103.32793
1763944800,86871.23,87000.0,86708.57,86879.16,80.26016
1763945100,86879.17,86979.27,86682.67,86979.27,68.79183
1763945400,86979.27,87211.33,86854.74,86866.26,127.51346
1763945700,86866.27,86875.44,86680.09,86740.64,58.72664
1763946000,86740.64,86740.64,86532.25,86657.82,93.79658
1763946300,86657.82,86859.99,86584.01,86847.07,74.83029
1763946600,86847.07,87000.0,86758.0,86773.74,45.92847
1763946900,86773.74,86853.14,86599.8,86720.05,44.86888
1763947200,86720.04,86750.0,86611.58,86703.31,41.97568
1763947500,86703.3,86924.83,86674.0,86827.47,95.0175
1763947800,86827.47,86849.55,86586.4,86615.18,65.0374
1763948100,86615.17,86692.8,86553.21,86577.04,131.86638
1763948400,86577.03,86697.57,86399.99,86531.4,87.48143
1763948700,86531.4,86592.89,86448.61,86592.89,50.22432
1763949000,86592.9,86940.56,86592.9,86860.61,178.07525
1763949300,86860.61,87091.31,86860.61,87068.51,49.20286
1763949600,87068.51,87529.3,87025.01,87484.51,246.52132
1763949900,87484.52,87928.77,87484.52,87631.61,219.90687
1763950200,87631.61,87959.01,87631.6,87912.9,101.94382
1763950500,87912.9,88059.44,87768.25,88015.75,167.63078
1763950800,88015.76,88048.35,87884.12,87988.57,89.48777
1763951100,87988.56,88040.0,87702.42,87713.86,87.75124
1763951400,87713.87,87800.0,87275.64,87335.84,111.27535
1763951700,87335.84,87519.42,87273.4,87438.11,61.40019
1763952000,87438.12,87538.46,87359.27,87389.18,82.02719
1763952300,87389.18,87461.34,87288.22,87342.03,55.44009
1763952600,87342.03,87483.8,87250.0,87464.56,36.05666
1763952900,87464.55,87518.23,87390.39,87518.22,30.96875
1763953200,87518.23,87583.21,87480.0,87554.17,43.15947
1763953500,87554.17,87561.89,87321.21,87321.22,55.7277
1763953800,87321.22,87336.86,87200.69,87325.49,58.25597
1763954100,87325.5,87708.02,87240.0,87708.02,80.32857
1763954400,87708.3,87788.0,87550.1,87550.11,49.6807
1763954700,87550.1,87618.92,87550.1,87616.78,26.02731
1763955000,87616.79,87693.4,87541.72,87598.0,39.81834
1763955300,87598.0,87643.77,87451.26,87483.9,50.49462
1763955600,87483.91,87509.02,87371.1,87453.69,41.94084
1763955900,87453.69,87518.7,87307.69,87351.15,25.69843
1763956200,87351.16,87493.46,87271.21,87317.48,172.81773
1763956500,87317.48,87504.47,87317.46,87460.02,33.20526
1763956800,87460.03,87550.0,87424.28,87510.99,41.97785
1763957100,87510.99,87576.65,87434.65,87539.09,26.89696
1763957400,87539.09,87600.0,87350.13,87350.13,46.64285
1763957700,87350.13,87350.13,86750.0,86779.97,181.63523
1763958000,86779.97,86791.43,86500.0,86511.03,126.48802
1763958300,86511.02,86612.35,86450.0,86602.88,101.56145
1763958600,86602.89,86849.99,86601.41,86841.91,124.16379
1763958900,86841.91,86841.91,86665.47,86736.53,57.28273
1763959200,86736.52,86759.84,86631.64,86718.0,35.2301
1763959500,86718.0,86764.0,86602.88,86640.08,45.8965
1763959800,86640.07,86784.97,86610.54,86784.96,42.14974
1763960100,86784.96,86833.83,86681.74,86738.37,49.03287
1763960400,86738.36,86829.0,86675.82,86816.6,38.79071
1763960700,86816.61,87491.99,86816.6,87461.57,123.99781
1763961000,87461.57,87697.15,87421.86,87575.93,79.51708
1763961300,87575.94,87726.42,87500.0,87570.0,86.63084
1763961600,87570.0,87729.64,87570.0,87691.99,87.73141
1763961900,87691.99,87837.57,87611.18,87630.5,60.14211
1763962200,87630.49,87651.07,87450.0,87473.21,71.76965
1763962500,87473.21,87550.0,87421.61,87526.56,35.07726
1763962800,87526.57,87593.84,87472.91,87557.03,24.60988
1763963100,87557.03,87573.24,87395.62,87430.62,66.35824
1763963400,87430.63,87488.78,87362.0,87414.1,23.92983
1763963700,87414.1,87477.29,87276.0,87468.29,54.69735
1763964000,87468.28,87518.06,87260.0,87260.01,37.37806
1763964300,87260.0,87263.51,86921.9,87049.09,99.39884
1763964600,87049.09,87107.99,86931.57,86936.78,72.27187
1763964900,86936.86,87164.78,86936.86,87098.0,83.49224
1763965200,87098.0,87174.51,87050.0,87103.86,32.77695
1763965500,87103.86,87175.12,87000.26,87161.43,37.17007
1763965800,87161.43,87161.43,86878.29,86889.58,85.7462
1763966100,86889.59,87121.85,86860.0,86970.18,54.88761
1763966400,86970.18,87106.17,86868.69,87041.17,83.89253
1763966700,87041.18,87100.0,86950.01,87008.01,57.00169
1763967000,87008.01,87021.63,86819.98,86975.73,88.6172
1763967300,86975.73,86999.52,86840.63,86910.78,68.75254
1763967600,86910.77,86910.77,86700.0,86760.85,79.71771
1763967900,86760.86,86917.18,86747.84,86840.27,56.44651
1763968200,86840.26,86950.0,86800.0,86863.05,38.98661
1763968500,86863.05,87041.18,86750.0,87015.45,46.12681
1763968800,87015.45,87024.16,86835.96,86897.52,46.05323
1763969100,86897.51,86923.54,86809.57,86880.36,61.7433
1763969400,86880.36,87041.16,86811.32,87006.55,95.27657
1763969700,87006.54,87143.79,86969.27,87133.43,72.95317
1763970000,87133.42,87339.86,87098.84,87307.78,107.41073
1763970300,87307.77,87350.0,87112.84,87308.68,86.29971
1763970600,87308.67,87327.69,87128.24,87128.25,59.85369
1763970900,87128.24,87136.33,86972.0,87050.39,91.8755
1763971200,87050.39,87050.39,86794.33,86835.95,79.87682
1763971500,86835.94,86909.97,86734.43,86828.68,96.15556
1763971800,86828.68,86987.65,86812.45,86923.66,68.36276
1763972100,86923.66,87026.75,86800.67,86800.68,46.17766
1763972400,86800.68,86947.12,86800.68,86918.95,32.28411
1763972700,86918.95,86920.0,86816.32,86832.99,27.00428
1763973000,86832.99,86910.58,86733.33,86733.34,49.70485
1763973300,86733.34,86819.06,86733.34,86772.74,20.8923
1763973600,86772.75,86858.75,86772.75,86835.94,28.19774
1763973900,86835.95,86843.89,86724.78,86794.34,48.24961
1763974200,86794.34,86852.0,86747.91,86852.0,17.14105
1763974500,86852.0,87030.0,86821.27,86961.51,49.03323
1763974800,86961.5,86961.5,86780.0,86929.9,39.46103
1763975100,86929.9,86929.9,86550.0,86565.42,159.21478
1763975400,86565.41,86650.0,86544.99,86613.63,35.78334
1763975700,86613.63,86622.29,86263.56,86280.13,142.28806
1763976000,86280.12,86280.12,85954.13,86046.05,208.03303
1763976300,86046.05,86049.64,85852.0,85943.63,151.28876
1763976600,85943.64,86003.42,85828.0,85868.27,91.25369
1763976900,85868.27,86185.97,85861.43,86116.83,76.36004
1763977200,86116.83,86116.83,85825.84,85992.01,136.65217
1763977500,85992.01,86117.67,85979.75,86048.63,50.11057
1763977800,86048.64,86116.11,85994.05,86027.27,38.01959
1763978100,86027.27,86088.8,85944.91,85944.91,95.70754
1763978400,85944.91,86168.98,85884.0,86102.85,114.77991
1763978700,86102.85,86190.0,85946.66,86057.81,151.29897
1763979000,86057.81,86057.81,85890.0,85906.54,43.07618
1763979300,85906.54,85996.62,85871.67,85988.06,65.28324
1763979600,85988.05,86035.1,85877.11,85881.37,69.44355
1763979900,85881.36,85905.71,85756.68,85825.31,225.99825
1763980200,85825.32,85849.99,85697.39,85743.63,143.14495
1763980500,85743.62,85943.77,85696.56,85895.39,122.15048
1763980800,85895.38,86050.0,85875.38,85932.99,50.78777
1763981100,85933.0,86057.82,85912.44,86040.67,45.72283
1763981400,86040.67,86071.42,85938.65,85977.99,34.39226
1763981700,85977.99,86116.02,85977.99,86049.74,40.29379
1763982000,86049.74,86205.78,86036.82,86143.89,37.51794
1763982300,86143.88,86143.88,85840.0,85920.0,68.55542
1763982600,85919.99,86115.56,85919.99,86093.44,46.23027
1763982900,86093.44,86195.22,86047.28,86195.22,36.12354
1763983200,86195.21,86195.21,86027.82,86055.09,101.85469
1763983500,86055.08,86079.57,85980.0,86079.57,24.77003
1763983800,86079.57,86196.0,86079.56,86182.99,32.04362
1763984100,86182.99,86391.3,86124.37,86269.47,78.50167
1763984400,86269.47,86400.0,86206.0,86399.97,59.33724
1763984700,86399.97,86433.93,86322.89,86369.47,30.38262
1763985000,86369.47,86411.46,86256.78,86256.79,22.73431
1763985300,86256.79,86334.0,86250.0,86264.72,52.83329
1763985600,86264.71,86264.71,86124.53,86149.59,36.08099
1763985900,86149.58,86250.0,86003.87,86054.92,78.83617
1763986200,86054.93,86057.82,85955.03,86025.94,124.71866
1763986500,86025.94,86098.6,85953.75,85959.59,48.12288
1763986800,85959.58,86029.58,85924.12,85957.29,54.82551
1763987100,85957.3,86200.0,85957.29,86199.98,37.09328
1763987400,86199.98,86318.0,86173.84,86220.28,77.07579
1763987700,86220.29,86230.9,86040.93,86058.03,63.75641
1763988000,86058.03,86088.88,85889.25,85945.63,90.14044
1763988300,85945.63,86139.2,85935.31,86056.2,79.3544
1763988600,86056.2,86057.82,85888.0,85957.36,55.94892
1763988900,85957.37,86034.39,85953.83,86003.0,30.54964
1763989200,86003.0,86042.01,85947.91,86021.78,39.8841
1763989500,86021.79,86357.64,86018.45,86333.99,101.12322
1763989800,86334.0,86502.47,86304.46,86341.99,100.44113
1763990100,86341.99,86375.06,86183.85,86300.01,54.6903
1763990400,86300.01,86350.78,86273.08,86320.61,64.65121
1763990700,86320.61,86546.18,86261.0,86513.5,105.46356
1763991000,86513.49,86513.5,86404.01,86438.59,49.80001
1763991300,86438.59,86528.12,86370.03,86516.86,46.01732
1763991600,86516.87,86573.99,86463.3,86539.36,44.13448
1763991900,86539.35,86539.36,86340.0,86364.51,64.71528
1763992200,86364.52,86406.0,86259.7,86322.91,50.77099
1763992500,86322.9,86331.22,86072.0,86160.0,53.05273
1763992800,86159.84,86159.84,85908.0,86091.92,89.17902
1763993100,86091.92,86091.92,85982.0,86013.1,35.74111
1763993400,86013.1,86116.72,85992.09,86064.27,43.21051
1763993700,86064.28,86100.0,85994.34,86031.73,37.87766
1763994000,86031.72,86077.82,85951.15,86023.47,34.13525
1763994300,86023.47,86090.93,85912.44,85935.63,73.28368
1763994600,85935.62,86482.43,85915.99,86482.43,201.41341
1763994900,86482.43,86660.01,86034.12,86051.12,189.52725
1763995200,86051.11,86147.45,85500.0,85573.93,368.13915
1763995500,85573.93,85792.46,85468.46,85468.46,210.25166
1763995800,85468.46,85852.78,85272.0,85743.77,215.44093
1763996100,85743.76,86171.14,85659.88,86171.14,131.39828
1763996400,86171.22,86531.42,86097.8,86531.42,185.19602
1763996700,86531.43,86716.78,86372.2,86505.35,222.74224
1763997000,86505.34,86741.5,86254.53,86534.78,190.84355
1763997300,86534.74,86573.64,86082.32,86112.46,129.94861
1763997600,86112.46,86360.45,86058.0,86141.16,87.45249
1763997900,86141.17,86195.11,85913.44,86086.82,77.41055
1763998200,86086.82,86538.0,85978.8,86458.03,99.94832
1763998500,86458.03,86500.0,86266.15,86462.52,86.0923
1763998800,86462.53,86639.61,86411.94,86523.36,139.04697
1763999100,86523.36,86734.07,86523.36,86644.36,78.40577
1763999400,86644.36,86720.0,86450.62,86458.01,90.93793
1763999700,86458.01,86625.11,86373.91,86616.44,66.63954
1764000000,86616.44,87215.7,86616.43,87090.51,309.63263
1764000300,87090.51,87108.55,86804.33,87022.83,86.57306
1764000600,87022.83,87023.47,86842.47,86887.59,63.49704
1764000900,86887.59,87238.8,86881.83,87166.53,138.71584
1764001200,87166.54,87234.0,87089.77,87233.42,160.34745
1764001500,87233.42,87333.33,87150.01,87229.98,83.28654
1764001800,87229.97,87298.93,87052.41,87178.19,100.9494
1764002100,87178.19,87266.0,87079.99,87222.53,61.40474
1764002400,87222.53,87531.93,87204.06,87500.95,157.31151
1764002700,87500.95,87700.0,87372.41,87435.37,263.05205
1764003000,87435.37,87451.62,87251.38,87301.28,91.30629
1764003300,87301.28,87301.28,87170.02,87174.5,81.90415
1764003600,87174.5,87330.74,87169.43,87208.88,100.2083
1764003900,87208.89,87257.65,87041.17,87041.17,91.12413
1764004200,87041.17,87091.46,86950.51,86996.35,90.64871
1764004500,86996.34,87184.75,86952.16,87169.6,75.38899
1764004800,87169.59,87437.04,87036.82,87405.96,112.6485
1764005100,87405.97,87739.0,87381.03,87717.41,156.55603
1764005400,87717.41,87930.0,87628.79,87869.73,155.21564
1764005700,87869.72,87930.0,87782.0,87906.36,64.05235
1764006000,87906.85,88013.15,87901.56,87936.97,272.61895
1764006300,87936.97,88049.39,87921.48,88029.01,99.022
1764006600,88029.01,88050.0,87871.56,88001.28,109.5678
1764006900,88001.27,88550.68,87965.58,88369.91,387.12973
1764007200,88369.91,88569.37,88211.28,88250.0,287.2998
1764007500,88250.01,88595.23,88216.21,88409.4,179.65731
1764007800,88409.4,88537.34,88401.65,88486.69,128.93021
1764008100,88488.0,88527.59,88388.52,88446.5,121.48499
1764008400,88446.5,88504.51,88302.54,88325.29,94.53859
1764008700,88325.29,88416.6,88224.82,88359.19,109.36118
1764009000,88359.2,88489.05,88200.0,88433.51,118.0494
1764009300,88433.5,88434.93,88269.9,88386.0,98.97781
1764009600,88385.46,88415.8,88318.0,88407.14,69.02208
1764009900,88407.15,88653.57,88407.14,88653.57,118.11182
1764010200,88653.57,88713.0,88608.61,88654.58,85.94106
1764010500,88654.58,88732.25,88616.21,88715.31,63.83085
1764010800,88715.3,88800.0,88626.02,88799.99,144.66016
1764011100,88799.99,88834.62,88742.0,88747.66,109.49168
1764011400,88747.66,88772.69,88510.17,88683.47,148.02991
1764011700,88683.47,88770.53,88602.04,88731.52,61.66791
1764012000,88731.53,88733.62,88580.0,88597.74,41.11522
1764012300,88597.73,88644.0,88500.0,88635.7,54.80811
1764012600,88635.7,88735.04,88631.07,88735.04,90.91656
1764012900,88735.04,88803.37,88644.4,88726.23,104.64428
1764013200,88726.22,88735.01,88354.62,88436.67,142.59412
1764013500,88436.66,88470.69,88272.0,88303.83,115.1094
1764013800,88303.82,88417.57,88115.16,88162.59,108.70319
1764014100,88162.59,88338.0,88142.42,88327.29,94.805
1764014400,88327.29,88569.41,88327.29,88503.99,172.23079
1764014700,88504.0,88593.01,88406.18,88584.68,75.16928
1764015000,88584.69,88779.9,88584.68,88649.2,109.24402
1764015300,88649.2,88815.88,88601.8,88779.08,66.03182
1764015600,88779.08,88876.0,88710.09,88740.66,63.69127
1764015900,88740.66,88886.79,88615.14,88884.61,124.04108
1764016200,88884.61,88884.61,88754.32,88818.53,54.69984
1764016500,88818.54,88970.64,88813.71,88913.29,130.15374
1764016800,88913.29,88960.0,88850.0,88939.66,82.06213
1764017100,88939.66,89132.96,88939.65,89106.87,224.00922
1764017400,89106.86,89228.0,89008.15,89227.99,107.91211
1764017700,89227.99,89228.0,89062.42,89089.06,140.22216
1764018000,89089.06,89132.0,88900.0,89031.8,122.11023
1764018300,89031.79,89114.91,89020.0,89076.2,47.79356
1764018600,89076.2,89120.01,88984.65,89047.14,47.6029
1764018900,89047.15,89060.0,88941.31,88941.32,46.68627
1764019200,88941.32,88965.06,88882.16,88920.16,26.58992
1764019500,88920.16,88956.0,88862.8,88917.31,32.1797
1764019800,88917.31,89094.0,88917.31,88970.2,53.99983
1764020100,88970.2,88992.0,88863.28,88867.38,42.37999
1764020400,88867.38,88967.55,88775.52,88775.53,43.24863
1764020700,88775.53,88833.59,88720.97,88801.36,57.1463
1764021000,88801.36,88880.55,88747.45,88750.43,35.85822
1764021300,88750.43,88840.48,88732.0,88766.15,46.1309
1764021600,88766.15,88944.36,88758.03,88893.66,52.09864
1764021900,88893.66,89091.96,88849.77,88953.99,55.49393
1764022200,88953.99,89041.38,88951.08,89035.49,22.79243
1764022500,89035.5,89039.51,88900.01,88923.39,24.61878
1764022800,88923.39,89000.0,88748.38,88785.52,70.83406
1764023100,88785.52,88872.0,88726.0,88784.35,63.06242
1764023400,88784.35,88880.0,88784.34,88879.99,28.32237
1764023700,88879.99,88935.75,88802.48,88838.33,43.79719
1764024000,88838.33,88849.49,88809.99,88844.39,23.73978
1764024300,88844.38,88844.39,88747.58,88747.58,17.62531
1764024600,88747.59,88747.59,88606.12,88615.2,45.7048
1764024900,88615.21,88759.93,88598.0,88636.54,74.89151
1764025200,88636.54,88690.0,88566.72,88600.0,64.44148
1764025500,88600.0,88603.12,88520.0,88520.01,30.72304
1764025800,88520.0,88586.3,88500.03,88522.0,40.06242
1764026100,88522.01,88610.08,88513.36,88604.86,30.21229
1764026400,88604.85,88604.86,88513.35,88534.23,34.13464
1764026700,88534.23,88617.56,88500.0,88617.55,47.05029
1764027000,88617.55,88617.55,88465.0,88513.5,36.59944
1764027300,88513.5,88513.5,88330.67,88331.54,38.02401
1764027600,88331.55,88438.42,88321.0,88428.56,41.0648
1764027900,88428.56,88428.57,88301.73,88330.06,37.90793
1764028200,88330.06,88330.06,88252.5,88271.06,47.24556
1764028500,88271.05,88317.5,88271.05,88300.01,23.0549
1764028800,88300.01,88300.01,88088.0,88169.9,93.39089
1764029100,88169.89,88218.45,88115.05,88132.95,42.77322
1764029400,88132.95,88185.19,88000.0,88032.92,97.14294
1764029700,88032.91,88032.92,87912.98,88007.75,68.58916
1764030000,88007.75,88081.63,87911.71,87943.63,71.6797
1764030300,87943.63,87974.97,87869.37,87887.28,48.26917
1764030600,87887.28,88122.0,87864.63,88105.06,57.02352
1764030900,88105.06,88199.1,88091.3,88116.8,69.47788
1764031200,88116.8,88279.5,88101.09,88187.03,88.22227
1764031500,88187.03,88253.52,87978.6,88045.57,57.47215
1764031800,88045.57,88167.89,87975.5,88140.29,45.61582
1764032100,88140.29,88171.39,88060.0,88100.0,44.98614
1764032400,88100.0,88132.35,87910.0,88014.82,56.45886
1764032700,88014.82,88114.52,87900.43,88056.55,40.05789
1764033000,88056.55,88193.94,88017.28,88134.92,47.42626
1764033300,88134.92,88164.75,87931.19,87968.73,39.35964
1764033600,87968.73,88223.85,87960.25,88182.22,75.00604
1764033900,88182.23,88203.8,88020.96,88048.61,61.70061
1764034200,88048.61,88068.65,87968.75,88006.01,61.98981
1764034500,88006.01,88098.17,87955.0,87955.01,24.1051
1764034800,87955.0,88015.77,87924.0,87977.17,25.70976
1764035100,87977.16,87977.98,87777.0,87792.78,47.46572
1764035400,87792.79,87856.0,87760.79,87795.04,46.2566
1764035700,87795.04,87827.06,87719.67,87732.83,64.83584
1764036000,87732.84,87941.88,87604.85,87845.53,103.97799
1764036300,87845.53,87853.98,87743.9,87829.84,42.10392
1764036600,87829.84,87894.0,87787.87,87803.9,37.12759
1764036900,87803.76,87893.57,87794.16,87854.01,33.65737
1764037200,87854.01,87890.0,87689.67,87689.67,46.04316
1764037500,87689.68,87733.26,87608.01,87627.96,42.85551
1764037800,87627.96,87644.69,87457.53,87516.61,125.22969
1764038100,87516.61,87591.92,87478.57,87565.26,42.3193
1764038400,87565.25,87703.99,87550.0,87657.69,42.01798
1764038700,87657.69,87832.52,87657.68,87784.34,45.87431
1764039000,87784.34,87860.0,87760.0,87790.76,44.635
1764039300,87790.75,87942.26,87790.75,87909.4,55.40476
1764039600,87909.41,87909.41,87785.53,87848.49,55.47863
1764039900,87848.49,88048.78,87836.01,87926.93,76.08651
1764040200,87926.93,87926.93,87788.0,87810.66,28.11944
1764040500,87810.66,87848.94,87751.57,87800.0,27.01254
1764040800,87800.01,87968.53,87763.48,87966.71,36.10927
1764041100,87966.71,87966.72,87841.12,87940.19,37.95141
1764041400,87940.19,87940.19,87683.68,87697.98,32.18703
1764041700,87697.98,87722.0,87605.35,87605.35,35.04637
1764042000,87605.36,87673.41,87591.59,87673.41,32.66042
1764042300,87673.4,87680.98,87630.32,87664.22,27.01419
1764042600,87664.21,87774.25,87553.84,87764.81,59.74893
1764042900,87764.82,87828.0,87740.01,87822.12,22.72218
1764043200,87822.12,87948.41,87790.17,87933.14,31.93335
1764043500,87933.14,88031.68,87929.32,88031.67,23.71067
1764043800,88031.67,88137.18,87953.28,88133.33,58.4534
1764044100,88133.33,88133.33,88020.0,88066.9,57.90838
1764044400,88066.89,88100.0,87950.0,87996.09,32.80155
1764044700,87996.1,88072.98,87969.06,88031.81,33.8656
1764045000,88031.8,88250.0,88025.3,88249.48,72.92659
1764045300,88249.48,88328.0,88190.69,88258.26,43.2978
1764045600,88258.26,88267.99,88143.21,88161.28,18.98974
1764045900,88161.27,88278.74,88140.0,88234.28,33.12095
1764046200,88231.45,88519.99,88221.76,88479.35,117.5551
1764046500,88479.35,88479.35,88341.13,88341.14,34.7392
1764046800,88341.14,88341.14,88302.52,88326.55,30.25851
1764047100,88326.54,88326.55,88210.01,88217.52,58.12407
1764047400,88217.52,88259.99,88168.72,88184.61,41.20678
1764047700,88184.61,88205.58,88110.0,88167.3,33.83871
1764048000,88167.31,88167.31,88093.29,88106.94,26.99921
1764048300,88106.94,88106.94,87937.46,88005.95,57.97726
1764048600,88005.96,88198.0,88000.0,88161.71,26.94702
1764048900,88161.7,88222.96,88160.06,88222.96,18.16291
1764049200,88222.96,88222.96,88141.15,88208.34,30.73103
1764049500,88208.35,88224.82,88142.02,88175.89,20.61399
1764049800,88175.89,88247.33,88168.81,88190.72,19.00356
1764050100,88190.72,88190.72,88080.51,88120.82,22.11279
1764050400,88120.83,88129.09,88040.0,88129.09,33.88311
1764050700,88129.49,88145.71,88052.32,88141.44,38.37849
1764051000,88141.43,88149.01,88070.35,88083.97,20.55579
1764051300,88083.98,88124.0,88007.58,88110.97,30.50113
1764051600,88110.96,88110.97,88007.08,88047.19,25.18855
1764051900,88047.19,88047.19,87927.68,87944.06,25.5937
1764052200,87944.05,87979.18,87881.63,87970.88,47.45077
1764052500,87970.88,87999.54,87902.99,87903.0,15.45028
1764052800,87903.0,87982.43,87842.0,87880.01,32.42093
1764053100,87880.01,87947.67,87827.64,87830.61,43.64786
1764053400,87830.6,87911.34,87802.09,87875.3,37.43675
1764053700,87875.31,88064.24,87875.3,88003.97,77.53384
1764054000,88003.97,88003.97,87909.82,87909.82,30.90453
1764054300,87909.82,88017.01,87866.61,88001.25,32.34116
1764054600,88001.24,88069.96,87964.91,88022.0,20.65423
1764054900,88022.01,88022.01,87840.63,87869.46,96.2312
1764055200,87869.46,87940.0,87812.94,87824.86,120.21923
1764055500,87824.85,87824.85,87684.79,87699.78,135.13878
1764055800,87699.77,87769.99,87635.43,87635.43,137.05929
1764056100,87635.43,87720.42,87614.88,87705.19,50.08419
1764056400,87705.19,87788.0,87689.53,87702.78,42.11621
1764056700,87702.77,87756.61,87604.62,87612.27,60.76876
1764057000,87612.27,87738.06,87300.0,87399.09,750.66015
1764057300,87399.08,87428.87,87300.0,87384.81,183.10775
1764057600,87384.81,87460.0,87341.7,87371.42,87.60972
1764057900,87371.41,87476.8,87371.41,87443.8,45.6981
1764058200,87443.8,87458.28,87348.0,87408.09,76.0141
1764058500,87408.1,87538.46,87408.1,87497.73,69.73758
1764058800,87497.72,87606.57,87497.72,87503.54,48.6613
1764059100,87503.54,87558.55,87441.1,87532.36,51.50331
1764059400,87532.37,87552.64,87363.8,87464.37,48.72418
1764059700,87464.38,87472.26,87347.82,87347.82,54.92171
1764060000,87347.82,87415.81,87343.65,87403.2,69.37144
1764060300,87403.21,87417.85,87187.75,87236.14,159.5928
1764060600,87236.15,87285.12,87135.25,87135.47,109.86196
1764060900,87135.47,87135.48,86993.2,87009.82,208.38973
1764061200,87009.82,87021.06,86867.48,86973.91,101.15445
1764061500,86973.9,87061.43,86942.2,86994.71,209.56865
1764061800,86994.71,87026.24,86820.22,86826.05,138.69071
1764062100,86826.05,86932.92,86751.5,86922.57,202.9594
1764062400,86922.56,86922.57,86761.0,86767.07,139.91368
1764062700,86767.08,86803.99,86666.0,86684.8,137.8701
1764063000,86684.79,86870.43,86681.43,86838.42,70.42286
1764063300,86838.41,86949.66,86786.46,86878.22,76.53461
1764063600,86878.21,87120.0,86786.31,87079.13,98.18498
1764063900,87079.13,87091.57,86876.59,87087.17,84.31145
1764064200,87087.17,87099.93,87008.61,87023.87,51.85769
1764064500,87023.86,87243.57,87023.86,87231.76,53.91896
1764064800,87231.76,87237.63,87025.91,87032.91,68.22439
1764065100,87032.9,87083.06,87032.9,87070.26,29.91079
1764065400,87070.26,87173.79,87050.48,87050.49,46.53566
1764065700,87050.48,87100.31,86950.01,86964.52,25.92038
1764066000,86964.51,87159.54,86956.26,87155.85,39.13467
1764066300,87155.85,87227.21,87155.84,87215.1,43.71161
1764066600,87215.1,87333.33,87144.0,87320.35,54.94168
1764066900,87320.35,87320.35,87165.12,87228.63,45.10396
1764067200,87228.63,87280.0,87217.31,87232.67,30.57462
1764067500,87232.67,87313.06,87168.35,87281.93,50.73957
1764067800,87281.92,87376.35,87236.0,87374.99,39.46016
1764068100,87375.0,87430.0,87374.99,87411.01,55.52096
1764068400,87411.0,87418.81,87313.2,87331.36,50.21691
1764068700,87331.36,87444.18,87316.08,87430.6,33.49643
1764069000,87430.6,87464.14,87390.02,87454.82,57.40688
1764069300,87454.82,87504.98,87415.51,87424.16,46.70729
1764069600,87424.16,87424.16,87310.0,87360.01,39.89083
1764069900,87360.02,87446.15,87356.1,87426.93,39.63494
1764070200,87426.93,87426.93,87360.48,87403.06,23.7408
1764070500,87403.07,87535.98,87403.06,87530.53,29.51964
1764070800,87530.53,87530.54,87414.73,87439.32,50.34775
1764071100,87439.33,87487.4,87411.76,87456.8,25.40603
1764071400,87456.81,87533.74,87414.01,87414.01,39.51054
1764071700,87414.02,87414.02,87325.54,87361.71,40.98165
1764072000,87361.71,87555.0,87361.71,87515.27,38.86811
1764072300,87515.27,87553.15,87406.49,87471.32,44.282
1764072600,87471.32,87726.3,87426.0,87680.92,113.57258
1764072900,87680.92,87692.79,87525.0,87626.49,105.78168
1764073200,87626.49,87714.9,87623.58,87700.9,61.84135
1764073500,87700.9,87700.91,87605.27,87636.0,39.49988
1764073800,87635.99,87635.99,87454.54,87454.54,57.20876
1764074100,87454.54,87486.33,87399.75,87448.13,31.07311
1764074400,87448.13,87792.2,87422.0,87650.01,101.68699
1764074700,87650.01,87682.24,87517.06,87547.39,56.95196
1764075000,87547.4,87547.99,87465.98,87530.39,27.83552
1764075300,87530.39,87556.51,87502.77,87509.99,40.79691
1764075600,87510.0,87564.58,87400.0,87422.23,40.41319
1764075900,87422.23,87487.4,87329.08,87487.39,37.00475
1764076200,87487.39,87628.47,87436.49,87594.3,37.8408
1764076500,87594.3,87731.2,87564.98,87610.24,63.07706
1764076800,87610.25,87668.32,87507.36,87613.69,93.57175
1764077100,87613.68,87653.99,87559.75,87625.76,67.09843
1764077400,87625.77,87703.78,87568.2,87576.6,89.85354
1764077700,87576.6,87576.61,87188.4,87194.49,115.25892
1764078000,87194.49,87259.26,87028.0,87038.08,138.43933
1764078300,87038.08,87126.46,86870.5,87069.12,126.21745
1764078600,87069.12,87140.35,86885.99,86944.29,75.51987
1764078900,86944.3,87083.57,86944.3,87083.01,69.69006
1764079200,87083.0,87182.57,87007.78,87146.7,142.55484
1764079500,87146.7,87298.35,86893.28,86908.21,262.33585
1764079800,86908.21,87028.86,86824.71,86992.87,205.49612
1764080100,86992.87,86996.02,86882.46,86945.53,52.9142
1764080400,86945.53,87064.6,86877.0,87032.8,58.06409
1764080700,87032.81,87235.28,87032.81,87180.07,76.9909
1764081000,87180.07,87234.0,86900.0,87199.99,189.89021
1764081300,87200.0,87200.0,86950.0,86995.72,128.24111
1764081600,86995.71,86995.71,86550.0,86599.99,189.55983
1764081900,86599.99,86603.77,86197.0,86197.07,362.38145
1764082200,86197.07,86557.61,86116.0,86435.0,188.79659
1764082500,86435.0,86800.0,86400.0,86741.55,139.89449
1764082800,86741.55,86741.55,86200.0,86256.82,113.60189
1764083100,86256.82,86654.0,86242.16,86654.0,97.90672
1764083400,86654.0,86882.9,86526.75,86591.77,139.44041
1764083700,86591.77,86720.0,86470.52,86571.06,105.39034
1764084000,86571.06,86571.06,86350.0,86443.14,92.05563
1764084300,86443.13,86760.94,86442.22,86760.94,91.60649
1764084600,86760.94,87128.71,86760.93,87028.81,158.60689
1764084900,87028.82,87036.87,86828.72,87028.79,87.44469
1764085200,87028.8,87171.67,86970.01,87171.67,85.62448
1764085500,87171.68,87300.0,87000.0,87012.24,92.15056
1764085800,87012.23,87077.77,86938.0,87012.76,110.0704
1764086100,87012.76,87028.52,86878.02,86988.94,53.22632
1764086400,86988.93,87093.44,86925.63,87051.33,63.31608
1764086700,87051.32,87062.61,86712.35,86751.27,49.48197
1764087000,86751.28,86950.0,86751.28,86842.85,50.66323
1764087300,86842.84,87055.63,86770.53,87006.95,55.68291
1764087600,87006.95,87282.0,86996.14,87158.52,123.98726
1764087900,87158.52,87238.0,87094.01,87236.74,54.41552
1764088200,87236.73,87291.0,87076.0,87141.99,75.71341
1764088500,87142.0,87188.77,87020.08,87053.49,41.4822
1764088800,87053.49,87198.09,87050.0,87106.38,42.58982
1764089100,87106.37,87106.37,86954.17,87018.09,55.01231
1764089400,87018.09,87157.09,87018.09,87105.23,40.00791
1764089700,87105.23,87160.0,87012.43,87121.31,26.52884
1764090000,87121.31,87226.0,87046.09,87046.09,56.02787
1764090300,87046.09,87171.99,87046.09,87170.8,34.32211
1764090600,87170.8,87510.0,87157.08,87466.82,134.28648
1764090900,87466.82,87472.87,87229.25,87317.38,50.59463
1764091200,87317.38,87558.97,87317.38,87512.76,60.4995
1764091500,87512.76,87625.01,87464.76,87493.44,100.84229
1764091800,87493.44,87964.28,87470.0,87933.76,80.1013
1764092100,87933.76,88072.59,87821.61,88022.79,128.63623
1764092400,88022.79,88155.65,87910.05,87943.12,116.04803
1764092700,87943.11,87975.75,87722.3,87835.49,78.47614
1764093000,87835.49,87976.78,87800.0,87800.0,41.6781
1764093300,87800.0,87800.0,87609.61,87625.89,37.35486
1764093600,87625.9,87677.95,87529.71,87604.0,49.67544
1764093900,87604.01,87790.06,87604.01,87766.42,59.35615
1764094200,87766.42,87791.95,87623.55,87623.56,57.67867
1764094500,87623.56,87741.52,87596.29,87741.51,30.34695
1764094800,87741.52,87830.0,87700.01,87723.42,37.85626
1764095100,87723.41,87723.41,87567.99,87646.63,39.15879
1764095400,87646.63,87716.69,87640.71,87646.28,22.24829
1764095700,87646.28,87646.28,87450.0,87476.88,74.41767
1764096000,87476.89,87612.8,87455.35,87509.99,69.21663
1764096300,87510.0,87640.66,87510.0,87608.5,56.01949
1764096600,87608.51,87645.05,87489.35,87518.58,35.94184
1764096900,87518.58,87518.59,87237.18,87239.29,72.33757
1764097200,87239.29,87340.1,86945.8,86945.81,98.87496
1764097500,86945.8,87136.33,86765.06,86797.36,138.84658
1764097800,86797.36,86963.41,86763.72,86949.89,53.97727
1764098100,86949.9,86949.9,86478.16,86478.16,119.56278
1764098400,86478.15,86513.57,86284.21,86380.22,149.27982
1764098700,86380.22,86392.02,86211.13,86296.82,79.08129
1764099000,86296.82,86416.01,86182.49,86404.55,93.90385
1764099300,86404.55,86404.55,86183.83,86285.79,54.2442
1764099600,86285.79,86630.58,86270.83,86630.58,115.29443
1764099900,86630.57,86693.7,86559.05,86649.96,48.25267
1764100200,86649.96,86899.94,86649.96,86877.45,36.41292
1764100500,86877.45,86910.0,86785.75,86882.85,38.61856
1764100800,86882.84,86945.8,86768.0,86781.12,60.67155
1764101100,86781.12,86985.03,86706.28,86912.02,56.91814
1764101400,86912.01,87114.76,86818.69,87103.74,68.47082
1764101700,87103.74,87136.32,87020.0,87057.13,25.04629
1764102000,87057.14,87143.99,86902.2,86902.21,30.50276
1764102300,86902.21,87108.74,86894.56,87054.0,25.92755
1764102600,87054.01,87350.0,87054.01,87217.83,88.56388
1764102900,87217.83,87269.4,87119.52,87182.0,39.42414
1764103200,87182.0,87211.52,87108.3,87186.96,28.8295
1764103500,87186.97,87377.34,87136.32,87347.6,48.20639
1764103800,87347.6,87463.0,87288.0,87321.17,55.06561
1764104100,87321.17,87460.01,87317.26,87382.7,190.41429
1764104400,87387.48,87449.73,87260.8,87337.36,67.47834
1764104700,87337.37,87359.1,87107.26,87119.0,178.4892
1764105000,87119.0,87232.54,87104.78,87176.49,84.78386
1764105300,87176.5,87394.72,87176.5,87272.21,54.84514
1764105600,87272.21,87367.92,87219.38,87316.66,35.82876
1764105900,87316.66,87379.7,87287.62,87295.74,12.28499
1764106200,87295.74,87352.0,87057.72,87067.56,49.8361
1764106500,87067.56,87140.0,87065.38,87121.95,20.46798
1764106800,87121.94,87279.96,87121.94,87189.98,33.82508
1764107100,87189.98,87233.93,87142.34,87197.09,19.60099
1764107400,87197.08,87279.35,87146.5,87158.07,21.22469
1764107700,87158.06,87184.94,86985.02,87032.37,81.61948
1764108000,87032.36,87032.36,86700.0,86735.98,58.81129
1764108300,86735.99,86907.08,86637.6,86907.08,40.20308
1764108600,86907.08,86907.08,86565.48,86647.99,54.88476
1764108900,86648.0,86840.0,86632.69,86839.99,20.47359
1764109200,86839.99,87079.68,86839.99,87079.68,44.11094
1764109500,87079.67,87171.62,87054.94,87136.32,17.74634
1764109800,87136.33,87179.23,87060.0,87120.69,45.16033
1764110100,87120.68,87549.13,87120.68,87531.1,78.50696
1764110400,87529.81,87600.0,87322.64,87339.6,35.0838
1764110700,87339.61,87425.26,87215.1,87343.99,42.70804
1764111000,87344.0,87432.88,87242.38,87296.68,36.83405
1764111300,87296.68,87722.92,87284.08,87642.41,137.58721
1764111600,87642.41,87678.01,87400.01,87450.0,49.22365
1764111900,87449.99,87739.37,87449.99,87736.02,70.24761
1764112200,87736.03,87889.38,87654.03,87828.4,92.61264
1764112500,87828.4,87828.4,87650.0,87711.57,42.17087
1764112800,87711.57,87752.27,87552.44,87561.67,47.85285
1764113100,87561.68,87624.44,87507.57,87534.25,36.30724
1764113400,87534.26,87624.42,87472.0,87624.42,31.70039
1764113700,87624.42,87649.99,87419.93,87469.14,55.67806
1764114000,87469.14,87519.38,87411.06,87421.03,19.17594
1764114300,87421.03,87495.33,87380.0,87443.17,37.54822
1764114600,87443.16,87455.6,87334.15,87373.44,14.71169
1764114900,87371.76,87393.56,87328.89,87369.96,12.28049
1764115200,87369.97,87604.0,87344.34,87604.0,89.28729
1764115500,87604.0,87621.8,87482.05,87488.2,34.799
1764115800,87488.21,87543.84,87450.37,87467.44,25.65614
1764116100,87467.45,87599.99,87376.0,87599.99,30.87635
1764116400,87600.0,87770.0,87535.05,87718.39,61.72765
1764116700,87718.39,87718.4,87524.75,87630.66,53.94108
1764117000,87630.66,87674.86,87594.37,87651.03,22.76828
1764117300,87651.04,87760.0,87478.2,87478.21,29.88718
1764117600,87478.2,87554.0,87396.25,87546.34,45.63385
1764117900,87546.33,87709.15,87539.78,87699.63,34.93106
1764118200,87699.63,87741.52,87604.0,87610.16,33.11761
1764118500,87610.17,87627.22,87493.62,87573.51,30.13796
1764118800,87573.51,87573.51,87402.11,87402.11,37.34573
1764119100,87402.1,87500.0,87338.05,87480.01,27.01711
1764119400,87480.0,87540.0,87413.08,87522.66,22.85456
1764119700,87522.66,87578.34,87480.0,87489.35,19.76813
1764120000,87489.36,87559.97,87462.91,87468.56,18.52455
1764120300,87468.56,87660.0,87434.0,87591.6,29.63941
1764120600,87591.6,87898.31,87550.0,87834.5,76.45059
1764120900,87834.5,88033.56,87830.39,88023.89,106.79698
1764121200,88023.9,88224.0,87991.39,88079.2,104.65181
1764121500,88079.19,88096.07,87930.9,87968.06,92.11194
1764121800,87968.05,88012.0,87900.0,87999.07,37.39673
1764122100,87999.07,87999.08,87862.0,87921.94,52.94445
1764122400,87921.94,87993.67,87892.81,87902.82,34.54588
1764122700,87902.83,87919.08,87826.91,87851.26,22.39177
1764123000,87851.26,88029.87,87851.26,87997.85,39.38767
1764123300,87997.86,88087.97,87920.88,87993.68,31.50974
1764123600,87993.68,87993.68,87809.09,87824.1,43.62608
1764123900,87824.1,87842.39,87761.54,87808.03,28.28505
1764124200,87808.04,87830.92,87662.24,87776.34,58.77437
1764124500,87776.34,87936.0,87764.0,87934.52,24.42233
1764124800,87934.52,87964.82,87850.01,87889.95,31.56256
1764125100,87889.96,87889.96,87750.0,87796.0,23.3026
1764125400,87796.0,87830.0,87782.2,87812.1,13.69557
1764125700,87812.09,87816.79,87678.3,87711.82,31.3037
1764126000,87711.82,87752.71,87672.26,87700.5,19.62581
1764126300,87700.51,87741.52,87692.8,87702.6,19.65653
1764126600,87702.59,87776.12,87680.82,87704.0,21.16892
1764126900,87704.01,87775.04,87662.0,87758.44,23.49695
1764127200,87758.43,87892.82,87742.09,87854.65,27.57289
1764127500,87854.65,87879.06,87809.99,87823.89,20.89279
1764127800,87823.52,87823.53,87465.06,87484.73,107.88028
1764128100,87484.73,87490.37,87349.96,87452.19,125.84811
1764128400,87452.19,87461.02,87267.01,87375.51,64.15698
1764128700,87375.52,87375.52,87254.0,87273.15,88.81371
1764129000,87273.15,87280.0,87085.89,87100.0,166.05537
1764129300,87099.99,87169.8,87069.97,87119.92,49.0321
1764129600,87119.93,87291.5,87119.92,87235.28,56.25543
1764129900,87235.28,87235.29,86949.91,87000.0,113.08524
1764130200,86999.99,87006.1,86909.99,86910.56,56.89427
1764130500,86913.0,87017.03,86913.0,86992.0,36.31051
1764130800,86992.0,87136.33,86980.27,87127.0,65.22743
1764131100,87127.01,87250.0,87069.87,87242.1,51.21648
1764131400,87242.11,87326.48,87207.5,87266.95,35.30364
1764131700,87266.95,87359.99,87266.95,87343.87,21.36118
1764132000,87343.88,87368.0,87256.66,87275.95,23.64612
1764132300,87275.96,87338.05,87200.0,87200.01,31.39421
1764132600,87200.01,87245.97,87186.75,87232.85,17.50062
1764132900,87232.86,87281.99,87227.66,87230.23,15.05885
1764133200,87230.23,87321.4,87220.01,87321.4,12.43371
1764133500,87321.4,87463.5,87321.39,87400.01,30.2275
1764133800,87400.0,87436.69,87382.85,87415.65,9.5783
1764134100,87415.65,87554.84,87415.64,87539.78,37.99995
1764134400,87539.79,87691.09,87482.06,87526.22,58.59545
1764134700,87526.21,87549.48,87471.53,87549.48,20.40323
1764135000,87549.47,87679.66,87549.47,87642.42,33.81791
1764135300,87642.42,87705.57,87634.78,87705.56,42.8074
1764135600,87705.56,87741.5,87619.28,87635.58,54.97013
1764135900,87635.59,87635.59,87540.86,87598.73,28.1301
1764136200,87598.74,87613.81,87514.72,87608.12,26.80925
1764136500,87608.12,87647.12,87480.0,87519.53,35.50911
1764136800,87519.54,87586.25,87454.0,87560.12,68.82768
1764137100,87560.12,87700.0,87560.11,87699.99,42.71143
1764137400,87700.0,87706.0,87409.78,87652.63,143.18105
1764137700,87652.62,87670.05,87489.35,87524.22,45.341
1764138000,87524.23,87601.47,87489.35,87570.88,32.21902
1764138300,87570.88,87615.99,87534.2,87613.54,18.92694
1764138600,87613.55,87613.55,87465.0,87478.65,21.76856
1764138900,87478.66,87615.98,87478.65,87608.81,21.64006
1764139200,87608.8,87697.43,87582.01,87670.09,60.39425
1764139500,87670.09,87689.5,87600.0,87679.25,31.34616
1764139800,87679.24,87860.96,87654.67,87827.95,49.74343
1764140100,87827.94,87889.0,87794.0,87794.0,31.65595
1764140400,87794.0,87861.7,87757.31,87757.31,36.35767
1764140700,87757.31,87794.5,87698.25,87769.21,24.15953
1764141000,87769.2,87824.0,87735.0,87823.99,33.95622
1764141300,87824.0,87887.99,87795.6,87800.53,33.03436
1764141600,87800.53,87831.1,87726.86,87792.12,26.27655
1764141900,87792.12,87800.0,87760.01,87799.99,23.02015
1764142200,87800.0,87800.0,87719.39,87800.0,32.47383
1764142500,87800.0,87800.0,87720.98,87730.71,23.35217
1764142800,87730.71,87795.9,87709.26,87789.33,32.77586
1764143100,87789.34,87870.0,87741.51,87853.6,34.80999
1764143400,87853.61,87853.61,87784.32,87794.88,17.89088
1764143700,87794.89,87970.0,87770.01,87935.05,28.25293
1764144000,87935.05,87941.58,87801.7,87832.0,42.61729
1764144300,87832.0,87842.39,87700.01,87701.97,22.98072
1764144600,87701.98,87728.75,87585.07,87617.99,34.15463
1764144900,87618.0,87678.85,87539.78,87565.69,37.07177
1764145200,87565.68,87585.06,87548.2,87563.87,17.30416
1764145500,87563.86,87596.24,87530.33,87557.31,26.65343
1764145800,87557.3,87619.74,87504.36,87504.36,20.90343
1764146100,87504.37,87552.95,87452.27,87503.7,56.32365
1764146400,87503.7,87578.47,87503.7,87538.9,15.51326
1764146700,87538.9,87573.83,87508.01,87573.82,26.71246
1764147000,87573.82,87573.83,87458.89,87458.89,22.565
1764147300,87458.9,87465.55,87416.44,87424.8,29.48286
1764147600,87424.8,87453.47,87390.07,87412.72,51.1342
1764147900,87412.72,87428.99,87311.12,87311.12,76.92778
1764148200,87311.13,87435.76,87311.12,87362.01,43.50136
1764148500,87362.01,87362.01,87270.5,87315.75,83.07633
1764148800,87315.75,87315.75,87120.0,87208.35,60.4623
1764149100,87208.35,87208.36,87099.78,87115.23,54.87967
1764149400,87115.23,87132.0,86958.96,86973.72,94.06476
1764149700,86973.73,87065.95,86894.58,86981.27,324.68391
1764150000,86981.26,86981.26,86937.44,86960.93,27.91842
1764150300,86960.92,86970.46,86819.0,86851.54,68.43915
1764150600,86851.54,86873.46,86768.1,86768.11,79.04034
1764150900,86768.11,86833.73,86746.6,86825.27,48.02973
1764151200,86825.27,87078.59,86825.27,87029.49,98.91042
1764151500,87029.49,87045.7,86921.56,86991.31,45.06821
1764151800,86991.3,87001.7,86889.54,86921.36,34.24748
1764152100,86921.36,86927.48,86856.64,86856.65,31.74217
1764152400,86856.64,86867.78,86789.38,86789.39,32.097
1764152700,86789.38,86884.16,86783.29,86868.08,40.14652
1764153000,86868.08,86868.09,86682.42,86704.15,45.76063
1764153300,86704.15,86825.67,86670.36,86804.0,26.2086
1764153600,86804.0,86934.6,86804.0,86893.42,35.42774
1764153900,86893.41,86895.35,86800.05,86895.35,33.8096
1764154200,86895.35,86985.03,86865.18,86976.77,32.02233
1764154500,86976.77,86997.74,86940.02,86955.17,14.25888
1764154800,86955.17,86955.17,86844.01,86885.93,35.3738
1764155100,86885.93,86999.54,86866.55,86951.28,40.22315
1764155400,86951.28,86997.3,86951.27,86989.83,21.42443
1764155700,86989.84,87009.1,86900.48,86931.08,23.8876
1764156000,86931.08,86933.03,86884.15,86884.15,26.10422
1764156300,86884.16,86951.8,86864.66,86896.44,39.95081
1764156600,86896.44,86948.12,86872.0,86907.22,28.8516
1764156900,86907.21,86969.53,86884.86,86910.29,27.69264
1764157200,86910.29,87058.52,86894.08,87053.72,48.52627
1764157500,87053.72,87094.37,86956.99,86965.88,36.91053
1764157800,86965.88,87043.99,86952.53,87043.98,19.73937
1764158100,87043.99,87095.83,87020.45,87095.79,16.70674
1764158400,87095.78,87175.99,86732.86,86732.86,82.77264
1764158700,86732.86,86865.98,86699.38,86758.84,104.23196
1764159000,86758.84,86773.47,86537.13,86559.81,98.50634
1764159300,86559.82,86605.99,86412.01,86422.95,103.72297
1764159600,86422.94,86494.31,86306.77,86474.42,127.41037
1764159900,86474.12,86531.14,86430.26,86520.98,32.24801
1764160200,86520.98,86520.98,86427.68,86455.82,31.55061
1764160500,86455.81,86595.87,86438.79,86572.07,32.25396
1764160800,86572.06,86687.32,86546.95,86618.62,56.37486
1764161100,86618.62,86725.74,86602.15,86609.04,25.32188
1764161400,86609.03,86665.11,86580.7,86665.1,56.0212
1764161700,86665.11,86698.96,86634.56,86643.08,39.74942
1764162000,86643.07,86695.59,86568.85,86636.2,41.99569
1764162300,86636.2,86697.54,86615.66,86620.79,37.24981
1764162600,86620.79,86669.75,86581.56,86592.28,25.82686
1764162900,86592.28,86694.19,86581.57,86675.93,78.97545
1764163200,86675.92,86771.61,86662.95,86747.67,35.07641
1764163500,86747.67,86823.99,86718.6,86718.6,56.823
1764163800,86718.59,86790.23,86581.58,86626.72,85.1172
1764164100,86626.71,86992.13,86626.71,86963.0,105.28838
1764164400,86963.0,87132.64,86960.94,87000.99,154.05679
1764164700,87001.0,87037.59,86934.59,86994.3,66.50901
1764165000,86994.3,87078.87,86935.1,86980.48,52.6949
1764165300,86980.49,87136.33,86973.59,87128.51,63.26066
1764165600,87128.51,87128.52,86943.35,87021.96,44.54825
1764165900,87021.96,87102.77,87004.54,87020.01,32.5312
1764166200,87020.0,87348.33,87004.55,87315.43,95.11727
1764166500,87315.43,87315.44,87208.0,87228.0,81.50715
1764166800,87228.0,87357.19,87209.59,87272.33,80.57662
1764167100,87272.33,87333.0,87251.13,87308.45,49.05853
1764167400,87308.44,87469.92,87053.66,87169.68,146.45589
1764167700,87169.68,87412.08,87163.56,87364.13,248.13885
1764168000,87364.14,87583.5,87229.45,87300.39,243.37166
1764168300,87300.39,87633.74,87287.62,87633.74,116.3058
1764168600,87633.74,87693.21,87190.54,87190.54,117.26072
1764168900,87190.54,87253.99,86813.5,86899.73,165.12599
1764169200,86899.72,87129.93,86859.08,87035.19,83.22021
1764169500,87035.18,87216.45,86934.59,87162.45,93.40521
1764169800,87162.45,87186.76,86985.02,87025.57,53.68313
1764170100,87025.58,87220.0,86875.52,87052.01,86.0215
1764170400,87052.01,87074.21,86900.0,86951.8,96.15365
1764170700,86951.79,87325.09,86951.79,87261.25,77.23944
1764171000,87261.26,87349.41,87117.29,87130.0,80.7167
1764171300,87129.99,87214.19,87060.95,87103.92,99.59028
1764171600,87103.92,87157.32,86884.15,86884.16,155.46399
1764171900,86884.16,86884.16,86664.23,86825.6,156.33543
1764172200,86825.59,87009.29,86766.0,86951.84,81.85541
1764172500,86951.84,87008.98,86869.34,86978.0,121.54103
1764172800,86977.99,87237.19,86956.61,87219.11,89.44727
1764173100,87219.11,87394.72,87208.67,87334.46,77.8296
1764173400,87334.46,87574.81,87334.46,87564.07,252.03557
1764173700,87564.07,87849.78,87564.06,87636.56,145.64576
1764174000,87636.56,87750.0,87632.0,87699.79,57.82869
1764174300,87699.79,87758.79,87590.21,87594.44,96.05482
1764174600,87594.45,87757.26,87575.32,87756.3,60.34508
1764174900,87756.3,87946.0,87756.3,87822.52,110.81786
1764175200,87822.51,87822.51,87557.85,87623.27,96.40773
1764175500,87623.26,87739.9,87601.97,87650.12,94.90177
1764175800,87650.12,87694.6,87499.81,87640.65,119.46089
1764176100,87640.66,87858.77,87640.65,87820.01,48.1491
1764176400,87820.02,87920.56,87750.65,87782.62,84.40453
1764176700,87782.62,87933.99,87782.62,87854.27,59.6906
1764177000,87854.28,87993.66,87851.92,87863.15,36.53338
1764177300,87863.16,87894.65,87721.07,87721.07,96.1309
1764177600,87721.06,87957.76,87710.27,87957.73,48.44615
1764177900,87957.74,88826.0,87956.31,88663.14,540.57183
1764178200,88663.14,89019.96,88552.79,88988.01,305.94424
1764178500,88988.01,89196.92,88979.03,89084.63,218.03452
1764178800,89084.63,89513.0,89080.0,89512.99,246.54775
1764179100,89512.99,89889.0,89492.81,89774.01,361.81953
1764179400,89774.0,89776.69,89515.62,89665.93,240.54152
1764179700,89665.92,89962.9,89620.76,89830.79,231.17618
1764180000,89830.8,89999.0,89774.66,89789.99,219.34334
1764180300,89789.99,90111.71,89676.0,89779.35,410.96278
1764180600,89779.34,90073.97,89744.86,90050.57,143.88388
1764180900,90050.56,90354.0,90050.56,90242.0,248.64697
1764181200,90242.0,90270.0,90070.82,90223.27,119.01518
1764181500,90223.27,90418.39,90182.69,90349.26,162.82623
1764181800,90349.26,90369.71,89927.12,89949.02,208.41164
1764182100,89949.01,90039.27,89788.78,89837.01,143.5571
1764182400,89837.01,90031.03,89709.68,89729.98,248.16259
1764182700,89729.69,90045.02,89719.63,90040.7,105.30968
1764183000,90040.71,90089.99,89974.57,90035.07,47.17452
1764183300,90035.06,90168.96,89978.32,90145.69,70.89682
1764183600,90145.69,90197.83,89935.13,89935.14,81.09133
1764183900,89935.13,89998.18,89875.06,89965.92,63.74699
1764184200,89965.93,90057.89,89745.32,89822.0,396.97614
1764184500,89822.0,89997.85,89744.55,89975.9,131.48684
1764184800,89975.9,90017.96,89740.0,89754.78,269.72044
1764185100,89754.77,89850.0,89716.3,89790.41,151.07484
1764185400,89790.41,89907.05,89744.57,89907.05,225.8269
1764185700,89907.04,89907.04,89735.83,89874.82,101.29006
1764186000,89874.82,90036.0,89808.98,89874.78,95.40247
1764186300,89874.79,89896.6,89802.58,89812.18,37.84984
1764186600,89812.18,90037.71,89801.16,89996.28,56.21258
1764186900,89996.28,90056.15,89930.23,89957.36,52.79975
1764187200,89957.37,89964.7,89784.15,89784.15,80.51965
1764187500,89784.15,89784.15,89508.85,89620.28,110.91762
1764187800,89620.27,90000.0,89620.27,89976.84,67.79069
1764188100,89976.84,90035.38,89826.62,89827.0,130.16019
1764188400,89827.0,90016.0,89800.95,90016.0,178.90524
1764188700,90016.0,90114.67,89939.97,90000.35,334.5043
1764189000,90000.36,90068.02,89856.94,89864.67,431.84091
1764189300,89864.67,89974.0,89838.21,89906.48,90.51003
1764189600,89906.47,89918.0,89678.06,89678.06,85.96494
1764189900,89678.07,89753.97,89644.77,89697.55,39.23497
1764190200,89697.55,89932.99,89666.29,89902.99,40.6989
1764190500,89902.99,89944.85,89854.27,89866.82,54.57268
1764190800,89866.83,90022.57,89866.83,89968.0,79.46325
1764191100,89968.0,89968.01,89834.34,89880.0,55.79945
1764191400,89880.0,89897.57,89831.96,89831.96,14.4054
1764191700,89831.97,89937.13,89817.96,89828.69,23.18145
1764192000,89828.69,90018.28,89815.35,90015.66,104.11
1764192300,90015.66,90282.0,90015.65,90270.0,138.56257
1764192600,90270.01,90491.28,90226.05,90233.56,157.50719
1764192900,90233.57,90352.01,90146.18,90224.12,74.08694
1764193200,90224.13,90280.2,90166.25,90231.64,38.11719
1764193500,90231.64,90384.81,90231.63,90381.98,36.94274
1764193800,90380.54,90380.54,90280.85,90292.93,30.65335
1764194100,90292.94,90292.94,90160.62,90195.99,50.28602
1764194400,90195.98,90217.74,90127.88,90185.29,42.57459
1764194700,90185.3,90332.67,90131.48,90302.97,41.23077
1764195000,90302.97,90656.08,90302.96,90324.12,151.53755
1764195300,90324.12,90435.64,90293.61,90435.64,48.29311
1764195600,90435.63,90538.6,90285.51,90285.52,63.97548
1764195900,90285.51,90387.65,90214.8,90336.91,49.93701
1764196200,90336.9,90369.73,90240.65,90278.0,51.48526
1764196500,90278.01,90307.21,90201.55,90281.41,94.78623
1764196800,90281.4,90311.99,90232.53,90241.84,35.0604
1764197100,90241.85,90317.15,90212.5,90305.41,35.19894
1764197400,90305.41,90305.41,90262.41,90262.42,13.42735
1764197700,90262.42,90461.53,90262.41,90386.57,58.51728
1764198000,90386.56,90499.99,90341.04,90499.99,60.82406
1764198300,90499.99,90550.0,90464.47,90500.05,41.16032
1764198600,90500.05,90600.0,90493.0,90512.61,64.3409
1764198900,90512.62,90512.62,90400.1,90400.11,43.07973
1764199200,90400.11,90514.58,90400.1,90490.67,76.16952
1764199500,90490.67,90490.68,90335.46,90337.44,27.07772
1764199800,90337.43,90399.0,90312.25,90369.36,21.77916
1764200100,90369.36,90395.26,90331.6,90365.42,18.18295
1764200400,90365.42,90453.19,90360.0,90417.22,30.448
1764200700,90417.22,90575.95,90408.51,90575.94,87.99791
1764201000,90575.94,90575.95,90500.0,90512.74,77.51707
1764201300,90512.75,90519.98,90484.01,90484.02,20.3327
1764201600,90484.01,90554.49,90408.51,90422.59,94.42571
1764201900,90422.58,90423.08,90262.19,90268.32,46.54972
1764202200,90268.32,90307.76,90116.33,90179.01,209.74709
1764202500,90179.01,90249.04,90089.91,90249.03,108.06073
1764202800,90249.03,90260.0,90170.25,90184.91,56.37255
1764203100,90184.9,90268.01,90184.9,90218.01,47.38926
1764203400,90218.01,90335.95,90216.89,90321.12,37.04755
1764203700,90321.11,90366.0,90272.61,90317.11,49.67437
1764204000,90317.1,90394.97,90317.1,90361.67,35.25848
1764204300,90361.68,90579.01,90352.0,90539.66,83.65655
1764204600,90539.66,90597.32,90413.38,90507.99,69.44059
1764204900,90508.0,90540.0,90464.31,90485.85,25.94099
1764205200,90485.85,90687.34,90385.5,90664.39,117.25477
1764205500,90664.39,90931.0,90664.39,90800.94,186.82792
1764205800,90800.95,90800.95,90569.69,90688.06,93.20202
1764206100,90688.07,90818.0,90620.0,90704.02,96.93102
1764206400,90704.01,90718.17,90604.05,90686.17,54.33811
1764206700,90686.18,90768.17,90667.15,90719.2,91.9541
1764207000,90719.19,90719.19,90600.0,90653.76,31.21842
1764207300,90653.76,90700.0,90631.23,90652.07,30.81103
1764207600,90652.07,90736.54,90644.47,90706.52,24.30561
1764207900,90706.51,90741.53,90639.73,90648.56,60.10416
1764208200,90648.56,90741.53,90644.14,90700.0,38.68161
1764208500,90700.0,91236.0,90700.0,91145.78,297.71111
1764208800,91145.78,91213.68,90910.96,90940.78,121.46287
1764209100,90940.77,91109.27,90879.76,91072.46,73.1748
1764209400,91072.45,91135.98,90972.15,91029.89,74.53751
1764209700,91029.89,91127.97,91002.98,91094.21,53.67162
1764210000,91094.59,91313.98,91094.58,91146.65,137.1045
1764210300,91146.64,91480.0,91121.01,91480.0,457.31352
1764210600,91480.0,91683.64,91383.99,91389.99,476.76337
1764210900,91390.0,91620.22,91365.84,91570.28,117.66224
1764211200,91570.29,91887.0,91550.9,91823.4,284.67295
1764211500,91823.39,91884.86,91652.0,91811.06,333.10239
1764211800,91811.06,91950.0,91635.92,91641.38,659.22489
1764212100,91641.39,91654.39,91333.75,91389.21,153.13104
1764212400,91389.73,91419.38,91309.81,91388.87,85.2234
1764212700,91388.86,91615.6,91332.58,91485.88,80.11661
1764213000,91485.87,91499.98,91332.58,91361.97,43.18722
1764213300,91361.96,91583.61,91312.63,91539.5,73.70668
1764213600,91539.5,91599.0,91456.45,91476.95,52.32863
1764213900,91476.94,91483.02,91329.76,91334.53,68.67028
1764214200,91334.53,91334.53,91118.84,91133.58,78.33217
1764214500,91133.58,91249.18,91113.23,91198.32,52.27474
1764214800,91198.31,91260.0,91088.76,91161.98,131.03877
1764215100,91161.99,91198.91,91044.14,91099.99,63.20985
1764215400,91099.99,91188.0,91084.34,91175.9,48.31668
1764215700,91175.91,91221.7,91071.15,91091.68,38.68711
1764216000,91091.68,91123.69,91057.77,91093.27,36.61782
1764216300,91093.27,91181.93,91082.1,91179.47,19.62398
1764216600,91179.46,91353.85,91169.61,91289.98,78.99582
1764216900,91289.99,91345.66,91204.32,91204.32,46.33015
1764217200,91204.33,91250.22,91184.05,91250.0,41.73089
1764217500,91250.0,91346.69,91119.3,91125.69,53.53498
1764217800,91125.7,91186.84,91075.0,91113.0,51.92139
1764218100,91113.0,91300.0,91113.0,91249.97,45.6255
1764218400,91249.96,91249.97,91121.89,91156.08,39.29183
1764218700,91156.08,91259.97,91156.07,91240.01,36.88001
1764219000,91240.01,91300.0,91178.66,91249.1,31.82253
1764219300,91249.11,91313.71,91237.89,91277.06,26.84567
1764219600,91277.06,91285.72,91154.0,91248.92,38.0484
1764219900,91248.92,91333.0,91200.0,91207.54,26.28184
1764220200,91207.54,91319.84,91186.44,91298.36,25.69148
1764220500,91298.36,91311.12,91241.62,91242.0,21.90345
1764220800,91242.01,91500.0,91242.01,91494.32,97.78621
1764221100,91494.33,91554.49,91440.55,91489.02,78.0058
1764221400,91489.02,91489.02,91343.45,91361.91,54.15097
1764221700,91361.91,91361.91,91111.68,91165.92,61.58367
1764222000,91165.91,91172.7,90889.11,90966.46,143.09275
1764222300,90966.45,91092.51,90938.59,91026.76,59.31417
1764222600,91026.77,91029.04,90921.85,91001.7,72.75663
1764222900,91001.71,91029.04,90938.23,90967.54,45.89772
1764223200,90967.53,91059.01,90967.53,90997.47,41.66818
1764223500,90997.46,91130.35,90995.83,91130.35,28.72233
1764223800,91130.35,91300.05,91130.35,91287.72,208.9968
1764224100,91287.72,91368.72,91215.01,91228.24,62.00984
1764224400,91228.23,91342.48,91227.8,91342.47,34.24711
1764224700,91342.47,91413.45,91331.32,91382.0,35.03614
1764225000,91382.0,91391.84,91348.13,91365.01,30.59755
1764225300,91365.01,91445.3,91340.57,91392.9,27.8401
1764225600,91392.9,91392.91,91280.0,91335.31,41.27597
1764225900,91335.32,91375.32,91292.59,91311.82,25.01942
1764226200,91311.81,91311.82,91195.79,91212.19,24.51256
1764226500,91212.18,91283.18,91212.18,91244.58,40.33735
1764226800,91244.59,91285.68,91135.88,91164.26,36.18994
1764227100,91164.27,91259.28,91164.26,91240.73,28.96083
1764227400,91240.73,91327.98,91240.73,91283.17,27.13953
1764227700,91283.16,91366.77,91241.45,91362.89,30.73155
1764228000,91362.9,91385.12,91332.0,91376.43,39.49845
1764228300,91376.43,91467.77,91376.43,91442.95,48.45897
1764228600,91442.95,91450.9,91362.41,91443.31,61.85822
1764228900,91443.99,91455.36,91381.55,91401.47,65.30829
1764229200,91401.47,91401.48,91350.0,91364.63,67.12507
1764229500,91364.63,91437.86,91327.46,91425.08,66.87032
1764229800,91425.08,91496.63,91403.79,91406.46,80.83084
1764230100,91406.46,91420.0,91385.76,91408.34,56.81447
1764230400,91408.34,91511.83,91366.89,91377.76,68.22641
1764230700,91377.76,91456.79,91346.64,91346.65,41.82252
1764231000,91346.64,91346.65,91221.17,91248.82,70.14964
1764231300,91248.83,91300.0,91248.82,91267.45,21.95967
1764231600,91267.46,91384.69,91256.65,91352.25,45.3351
1764231900,91352.26,91396.0,91337.11,91368.81,33.81221
1764232200,91368.8,91368.81,91284.86,91339.98,40.12167
1764232500,91339.98,91449.7,91339.98,91401.62,50.47664
1764232800,91401.62,91407.79,91355.31,91387.99,50.82843
1764233100,91388.0,91447.98,91371.55,91383.44,79.47504
1764233400,91383.43,91515.17,91379.1,91504.55,55.21747
1764233700,91504.55,91520.24,91489.27,91492.02,68.9502
1764234000,91492.01,91526.0,91475.39,91499.89,61.92179
1764234300,91499.89,91537.98,91499.89,91500.01,41.72712
1764234600,91500.0,91527.45,91500.0,91511.01,22.2346
1764234900,91511.0,91769.09,91511.0,91767.61,77.52748
1764235200,91767.6,91767.61,91616.03,91635.26,156.00393
1764235500,91635.26,91712.9,91579.11,91601.53,111.07868
1764235800,91601.53,91861.41,91601.53,91784.29,134.31484
1764236100,91784.29,91940.18,91767.24,91822.9,60.23586
1764236400,91822.9,91874.69,91803.6,91803.6,49.95728
1764236700,91803.6,91803.61,91660.0,91660.01,77.19767
1764237000,91660.0,91660.01,91551.83,91591.69,61.49024
1764237300,91591.7,91591.7,91540.0,91561.67,21.61883
1764237600,91561.67,91609.7,91545.99,91592.5,28.44133
1764237900,91592.51,91700.0,91580.59,91654.35,55.57108
1764238200,91654.35,91682.62,91586.21,91593.13,32.10803
1764238500,91593.13,91714.52,91593.11,91714.51,15.46167
1764238800,91714.51,91747.29,91693.06,91703.77,52.65441
1764239100,91703.78,91703.78,91650.56,91650.57,25.54113
1764239400,91650.57,91664.34,91347.02,91388.59,113.2838
1764239700,91388.6,91457.35,91355.01,91435.94,41.33139
1764240000,91435.94,91610.31,91419.67,91598.64,43.42571
1764240300,91598.64,91602.0,91492.01,91523.18,39.23164
1764240600,91523.18,91600.0,91498.1,91600.0,44.09924
1764240900,91600.0,91671.37,91594.73,91613.51,34.85572
1764241200,91613.52,91613.52,91570.0,91605.52,21.47567
1764241500,91605.52,91619.36,91500.0,91503.6,21.16064
1764241800,91503.6,91548.82,91503.6,91528.09,21.18916
1764242100,91528.1,91563.44,91522.15,91530.75,20.25035
1764242400,91530.75,91530.75,91409.61,91422.84,57.1595
1764242700,91422.83,91483.12,91361.38,91361.39,39.21101
1764243000,91361.39,91447.49,91307.69,91410.44,33.44143
1764243300,91410.45,91458.85,91388.01,91441.27,25.32851
1764243600,91441.27,91478.17,91413.71,91469.76,15.95271
1764243900,91469.77,91477.13,91420.56,91420.56,22.83483
1764244200,91420.57,91453.92,91415.69,91416.34,12.30086
1764244500,91416.34,91441.65,91362.23,91371.88,35.99827
1764244800,91371.87,91441.47,91327.01,91369.81,25.62297
1764245100,91369.81,91414.44,91307.63,91357.88,30.01437
1764245400,91357.88,91457.36,91357.87,91406.75,26.1522
1764245700,91406.76,91432.01,91238.0,91317.0,77.39535
1764246000,91317.0,91324.0,91190.0,91315.86,58.14093
1764246300,91315.87,91339.5,91277.32,91277.32,19.37835
1764246600,91277.33,91363.13,91250.0,91314.7,29.18767
1764246900,91314.69,91314.7,91178.88,91188.42,45.01652
1764247200,91188.42,91188.43,91100.0,91108.61,45.47807
1764247500,91108.62,91209.66,91094.04,91203.64,34.05302
1764247800,91203.63,91203.64,90957.37,90975.62,130.48356
1764248100,90975.62,91046.39,90950.0,90986.56,120.41938
1764248400,90986.56,91075.99,90959.23,91000.02,57.20203
1764248700,91000.03,91016.21,90888.0,90917.86,86.49341
1764249000,90917.86,90917.87,90750.0,90816.98,119.41171
1764249300,90817.03,90881.38,90556.67,90583.1,146.11845
1764249600,90583.09,90596.0,90438.43,90535.75,272.93908
1764249900,90535.76,90767.3,90529.07,90715.05,103.2227
1764250200,90715.05,90822.39,90558.31,90564.44,77.4942
1764250500,90564.45,90882.24,90494.71,90771.78,187.76374
1764250800,90771.78,90850.75,90754.32,90822.96,73.34477
1764251100,90822.96,90915.14,90702.37,90827.48,53.37834
1764251400,90827.49,91040.0,90810.83,90984.53,127.6635
1764251700,90984.53,90992.58,90852.02,90852.78,39.08067
1764252000,90852.79,90899.63,90800.0,90856.18,33.61576
1764252300,90856.18,90903.56,90775.43,90866.32,50.75867
1764252600,90866.31,90876.93,90768.48,90836.65,24.85033
1764252900,90836.66,90836.66,90652.47,90656.42,54.06689
1764253200,90656.42,90747.42,90623.03,90717.8,35.1826
1764253500,90717.8,90978.49,90714.0,90951.57,49.86727
1764253800,90951.56,90972.63,90841.75,90870.67,32.28596
1764254100,90870.67,90870.67,90672.92,90672.92,63.6112
1764254400,90672.92,90775.38,90579.77,90740.98,99.13457
1764254700,90740.98,90787.99,90632.22,90719.99,46.36706
1764255000,90719.98,90836.8,90663.53,90775.37,24.8726
1764255300,90775.38,90842.0,90724.59,90789.68,25.20435
1764255600,90789.68,90964.11,90743.26,90964.1,41.44355
1764255900,90964.1,90964.11,90629.98,90662.19,33.90616
1764256200,90662.19,90735.99,90657.74,90692.7,43.32716
1764256500,90692.7,90897.5,90692.69,90831.64,29.08303
1764256800,90831.64,90936.0,90816.0,90895.95,24.66658
1764257100,90895.94,90969.03,90882.49,90931.97,32.40332
1764257400,90931.97,90949.54,90815.01,90830.43,35.82166
1764257700,90830.43,90987.75,90828.36,90846.13,40.19139
1764258000,90846.14,90891.14,90775.37,90885.58,27.99764
1764258300,90885.59,90978.49,90872.7,90964.95,22.42135
1764258600,90964.95,90985.22,90850.0,90985.21,35.31768
1764258900,90985.22,90988.0,90913.03,90958.3,29.65824
1764259200,90958.29,91075.99,90912.05,90962.71,45.4648
1764259500,90962.71,90978.49,90850.77,90854.92,56.55611
1764259800,90854.92,91270.0,90854.92,91232.39,104.67881
1764260100,91232.39,91381.07,91150.0,91230.41,119.10975
1764260400,91230.4,91307.44,91113.6,91204.09,66.71628
1764260700,91204.09,91232.39,91156.0,91206.69,33.02114
1764261000,91206.7,91367.95,91176.06,91278.14,69.45171
1764261300,91278.14,91554.0,91278.13,91535.29,95.02879
1764261600,91535.29,91562.0,91300.01,91300.01,61.01466
1764261900,91300.0,91333.95,91241.26,91247.02,37.76326
1764262200,91247.01,91455.35,91232.38,91455.34,45.50192
1764262500,91455.35,91486.28,91408.47,91467.13,44.10981
1764262800,91467.12,91539.99,91415.2,91464.01,40.46538
1764263100,91464.01,91481.99,91363.57,91462.45,34.65765
1764263400,91462.45,91513.5,91462.44,91470.69,43.09597
1764263700,91470.69,91594.0,91466.84,91480.02,61.426
1764264000,91480.02,91635.79,91474.0,91531.16,82.00222
1764264300,91531.16,91576.96,91347.21,91370.76,112.76833
1764264600,91370.75,91494.76,91299.06,91494.75,96.36013
1764264900,91494.75,91537.06,91315.18,91335.72,97.66445
1764265200,91335.72,91447.15,91308.84,91447.14,39.78456
1764265500,91447.15,91479.8,91387.14,91413.14,29.4962
1764265800,91413.13,91490.92,91386.77,91490.91,34.04932
1764266100,91490.92,91516.0,91460.0,91479.3,32.56854
1764266400,91479.3,91479.3,91415.28,91415.28,23.90352
1764266700,91415.28,91500.0,91406.45,91476.26,42.62224
1764267000,91476.26,91500.0,91390.54,91423.68,23.80029
1764267300,91423.68,91486.27,91390.65,91454.36,33.29081
1764267600,91454.35,91496.82,91347.21,91426.39,25.45345
1764267900,91426.4,91502.0,91410.6,91420.68,21.30752
1764268200,91420.69,91435.51,91375.99,91433.73,12.97172
1764268500,91433.72,91697.6,91433.72,91687.61,54.2763
1764268800,91687.62,91800.0,91661.46,91760.31,71.21314
1764269100,91760.3,91824.26,91690.64,91785.99,48.65039
1764269400,91786.0,91822.0,91694.0,91822.0,40.53458
1764269700,91821.99,91843.59,91790.95,91791.99,35.05785
1764270000,91791.99,91791.99,91599.95,91624.0,91.01142
1764270300,91623.99,91651.37,91556.5,91651.36,20.55732
1764270600,91651.37,91651.37,91604.39,91629.07,16.04277
1764270900,91629.08,91675.99,91560.27,91602.26,34.07303
1764271200,91602.26,91683.84,91570.8,91623.31,27.06975
1764271500,91623.31,91655.99,91600.67,91620.13,25.2232
1764271800,91620.13,91654.26,91520.06,91526.94,28.65334
1764272100,91526.95,91640.01,91506.94,91630.42,25.3543
1764272400,91630.42,91730.76,91626.57,91712.79,30.4755
1764272700,91712.8,91719.59,91587.83,91611.7,43.38708
1764273000,91611.7,91611.7,91520.0,91543.98,14.27026
1764273300,91543.98,91560.71,91516.0,91528.21,7.65989
1764273600,91528.22,91560.47,91461.53,91461.54,37.448
1764273900,91461.54,91564.0,91461.54,91546.8,21.04268
1764274200,91546.79,91573.17,91493.55,91493.56,31.55896
1764274500,91493.55,91493.56,91403.78,91482.57,25.19629
1764274800,91482.58,91482.58,91400.0,91432.62,20.32163
1764275100,91432.63,91458.46,91402.4,91429.56,21.94315
1764275400,91429.56,91556.73,91400.0,91556.73,14.57469
1764275700,91556.73,91596.76,91429.3,91471.19,17.68016
1764276000,91471.2,91500.0,91441.45,91459.99,15.73277
1764276300,91460.0,91486.29,91402.08,91419.03,17.99561
1764276600,91419.04,91511.88,91419.04,91511.87,11.93078
1764276900,91511.88,91511.88,91433.17,91433.17,23.85429
1764277200,91433.18,91433.18,91300.01,91325.25,38.4419
1764277500,91325.25,91397.52,91217.17,91349.94,35.38484
1764277800,91349.93,91432.0,91328.1,91423.84,13.90801
1764278100,91423.84,91537.06,91387.49,91537.05,28.15967
1764278400,91537.06,91553.54,91483.54,91483.55,20.83503
1764278700,91483.54,91546.0,91460.01,91528.5,13.49533
1764279000,91528.51,91567.91,91493.56,91547.49,15.20841
1764279300,91547.49,91576.27,91526.97,91576.27,19.3829
1764279600,91576.27,91600.0,91539.99,91539.99,26.53091
1764279900,91540.0,91578.82,91492.33,91503.33,21.01634
1764280200,91503.32,91503.33,91459.01,91484.85,11.47949
1764280500,91484.84,91484.85,91392.0,91416.99,28.23868
1764280800,91416.99,91459.98,91358.01,91420.64,29.35323
1764281100,91420.12,91428.9,91341.61,91354.76,13.06501
1764281400,91354.77,91479.59,91354.76,91479.59,16.52121
1764281700,91479.59,91590.0,91466.66,91571.63,23.30227
1764282000,91571.61,91571.61,91493.56,91505.32,12.10618
1764282300,91505.31,91575.95,91505.31,91569.77,8.05691
1764282600,91570.49,91587.84,91509.36,91520.49,23.46669
1764282900,91520.48,91520.49,91455.21,91493.12,15.691
1764283200,91493.13,91493.13,91232.38,91232.39,42.35989
1764283500,91232.38,91397.6,91114.52,91337.18,61.65248
1764283800,91337.18,91337.19,91193.39,91231.49,22.62922
1764284100,91231.49,91363.9,91215.58,91317.65,21.69945
1764284400,91317.66,91476.0,91314.64,91475.98,27.54652
1764284700,91475.98,91519.08,91380.0,91396.6,26.55073
1764285000,91396.61,91511.99,91377.6,91510.0,16.72945
1764285300,91510.01,91566.0,91456.0,91456.01,20.14642
1764285600,91456.01,91493.71,91372.01,91380.82,18.91486
1764285900,91380.83,91423.62,91351.3,91386.48,10.59112
1764286200,91386.47,91387.8,91213.79,91229.55,30.1314
1764286500,91229.56,91343.25,91229.56,91342.9,21.19549
1764286800,91342.89,91396.69,91342.89,91392.69,9.61113
1764287100,91392.7,91396.57,91296.0,91308.9,61.38368
1764287400,91308.9,91339.5,91271.74,91293.39,10.7809
1764287700,91293.38,91333.95,91281.49,91333.95,15.94588
1764288000,91333.94,91359.32,91166.15,91191.64,152.09921
1764288300,91191.65,91273.93,91153.24,91195.89,32.11642
1764288600,91195.89,91195.89,91129.98,91157.57,23.1405
1764288900,91157.58,91178.55,91072.3,91139.04,55.19427
1764289200,91139.03,91267.56,91139.03,91217.38,33.85361
1764289500,91217.38,91295.99,91181.6,91232.01,18.88028
1764289800,91232.01,91346.5,91232.0,91346.15,11.57178
1764290100,91346.15,91417.99,91262.04,91299.98,22.6096
1764290400,91299.97,91299.98,91205.35,91228.86,12.9355
1764290700,91228.87,91263.92,91150.01,91150.01,18.249
1764291000,91150.0,91210.0,91142.54,91165.9,13.06643
1764291300,91165.9,91207.34,91164.01,91207.34,12.00172
1764291600,91207.34,91209.82,91076.8,91076.81,30.89783
1764291900,91076.8,91186.54,91045.06,91045.07,28.55005
1764292200,91045.07,91049.99,90876.92,90884.81,75.05458
1764292500,90884.82,91007.74,90810.41,90849.99,68.04696
1764292800,90849.99,91011.87,90839.2,90988.95,40.08577
1764293100,90988.96,91013.93,90934.01,90945.0,21.23039
1764293400,90945.0,90990.0,90817.09,90964.57,62.73302
1764293700,90964.56,91056.0,90964.56,91017.33,38.69582
1764294000,91017.32,91070.02,90956.58,91037.25,40.86224
1764294300,91037.26,91068.78,90962.58,90963.77,23.07559
1764294600,90963.76,90971.65,90853.57,90864.2,35.98323
1764294900,90864.21,90899.82,90800.3,90804.56,30.48388
1764295200,90804.56,90900.0,90802.01,90817.31,51.62011
1764295500,90817.31,90887.41,90745.9,90826.15,72.82166
1764295800,90826.15,90898.01,90755.18,90898.0,55.27524
1764296100,90898.01,90981.39,90741.65,90778.06,70.07309
1764296400,90778.05,90853.79,90768.31,90853.78,51.36622
1764296700,90853.79,90869.7,90690.1,90690.1,61.63703
1764297000,90690.11,90778.0,90652.55,90733.38,78.179
1764297300,90733.38,90845.99,90733.37,90832.57,50.85825
1764297600,90832.56,90850.93,90785.95,90822.15,23.43755
1764297900,90822.14,90887.77,90822.14,90866.02,23.11756
1764298200,90866.02,90988.0,90855.13,90982.89,38.69479
1764298500,90982.9,91135.69,90982.89,91083.08,88.61898
1764298800,91083.08,91083.08,91008.43,91037.06,59.02454
1764299100,91037.06,91089.58,91000.88,91055.68,15.14255
1764299400,91055.68,91165.64,91055.68,91104.99,33.51287
1764299700,91104.99,91148.51,91047.49,91138.54,35.07997
1764300000,91138.55,91240.0,91135.97,91175.02,79.73723
1764300300,91175.02,91217.19,91172.24,91212.38,16.27316
1764300600,91212.38,91306.63,91189.2,91285.3,28.33783
1764300900,91285.31,91285.31,91194.81,91194.81,23.34604
1764301200,91194.81,91194.81,91120.0,91135.94,17.39567
1764301500,91135.94,91177.99,91124.51,91159.81,14.35852
1764301800,91159.81,91193.4,91151.81,91185.34,22.36113
1764302100,91185.34,91233.78,91185.34,91208.85,18.36726
1764302400,91208.85,91208.86,91130.0,91153.59,34.15425
1764302700,91153.58,91224.75,91144.93,91219.7,12.50262
1764303000,91219.7,91400.0,91219.7,91363.82,38.43378
1764303300,91363.83,91435.51,91327.44,91339.5,24.16614
1764303600,91339.5,91368.87,91305.22,91340.99,15.06492
1764303900,91340.99,91413.6,91340.01,91411.87,12.68792
1764304200,91411.88,91459.99,91368.72,91410.77,25.88509
1764304500,91410.78,91486.29,91371.7,91435.5,37.5925
1764304800,91435.5,91475.9,91429.09,91455.44,17.87873
1764305100,91455.44,91486.29,91414.96,91435.36,24.7919
1764305400,91435.36,91469.3,91434.6,91439.43,33.35517
1764305700,91439.42,91474.13,91424.01,91424.02,10.4058
1764306000,91424.02,91424.02,91316.85,91316.85,22.7608
1764306300,91316.85,91500.0,91304.28,91482.28,31.84267
1764306600,91482.27,91568.59,91473.01,91501.4,63.65714
1764306900,91501.41,91569.86,91435.51,91435.51,30.49562
1764307200,91435.52,91535.97,91435.5,91458.61,35.20402
1764307500,91458.61,91537.07,91455.0,91523.36,18.49485
1764307800,91523.37,91600.0,91464.93,91514.14,33.30615
1764308100,91514.13,91544.0,91500.01,91504.51,9.66805
1764308400,91504.52,91572.0,91470.01,91571.01,35.05382
1764308700,91571.0,91645.28,91553.73,91602.63,56.80565
1764309000,91602.63,91700.0,91599.99,91682.4,56.80786
1764309300,91682.39,91707.79,91610.55,91612.09,50.29983
1764309600,91612.09,91612.09,91466.54,91471.07,35.88457
1764309900,91471.07,91515.28,91412.0,91450.65,37.14992
1764310200,91450.65,91471.66,91386.46,91396.29,29.53283
1764310500,91396.29,91439.92,91368.0,91368.0,37.5661
1764310800,91368.0,91368.06,91316.6,91329.6,41.09547
1764311100,91329.61,91368.19,91301.33,91303.25,17.90607
1764311400,91303.25,91341.28,91236.39,91251.54,74.1369
1764311700,91251.53,91279.36,91156.24,91279.36,37.5502
1764312000,91279.36,91450.0,91279.36,91408.48,66.55748
1764312300,91408.49,91431.86,91362.45,91387.96,20.23904
1764312600,91387.97,91399.88,91362.45,91369.11,23.07552
1764312900,91369.12,91390.28,91300.69,91300.69,21.12799
1764313200,91300.69,91406.39,91300.0,91397.26,17.60702
1764313500,91397.25,91423.16,91397.25,91423.16,7.76794
1764313800,91423.16,91424.0,91396.59,91400.96,6.82135
1764314100,91400.96,91427.12,91378.07,91399.19,19.1983
1764314400,91399.2,91526.63,91399.19,91498.38,33.94636
1764314700,91498.38,91568.98,91462.06,91481.34,60.11554
1764315000,91481.35,91481.35,91251.88,91261.01,60.328
1764315300,91261.01,91309.04,91128.21,91147.17,87.84034
1764315600,91147.18,91170.76,91066.9,91066.9,113.14379
1764315900,91066.9,91097.05,90958.03,90958.03,76.71112
1764316200,90958.03,91010.92,90904.3,90925.49,97.59258
1764316500,90925.48,90969.46,90867.43,90910.87,119.71406
1764316800,90910.87,91048.67,90907.98,91016.76,54.16015
1764317100,91016.76,91076.92,90958.04,91024.28,84.68422
1764317400,91024.29,91241.26,91024.28,91125.77,48.38283
1764317700,91125.77,91232.39,91107.36,91144.61,61.70718
1764318000,91144.61,91241.26,91132.08,91179.89,50.8613
1764318300,91179.9,91193.99,91148.09,91148.1,23.38892
1764318600,91148.1,91149.82,91015.11,91080.05,54.37216
1764318900,91080.05,91279.36,91080.04,91181.36,38.10606
1764319200,91181.36,91209.19,91114.82,91131.42,15.75094
1764319500,91131.42,91218.86,91101.21,91192.08,20.55541
1764319800,91192.09,91717.0,91192.08,91510.76,335.96485
1764320100,91510.76,91690.0,91394.0,91690.0,111.52957
1764320400,91689.99,91776.57,91520.21,91554.0,82.90865
1764320700,91554.01,91731.49,91518.42,91731.48,54.59788
1764321000,91731.48,91850.0,91620.99,91673.99,82.233
1764321300,91674.0,91674.0,91515.12,91581.21,63.27013
1764321600,91581.21,91693.92,91562.53,91610.26,50.10505
1764321900,91610.27,91659.43,91580.85,91630.79,27.88966
1764322200,91630.8,91638.62,91525.0,91553.09,35.5807
1764322500,91553.1,91625.22,91486.28,91503.75,28.85125
1764322800,91503.74,91527.98,91439.34,91479.51,58.02855
1764323100,91479.51,91587.76,91479.5,91578.43,55.94605
1764323400,91578.44,91596.94,91551.28,91587.85,17.77998
1764323700,91587.86,91600.0,91537.65,91599.99,21.5852
1764324000,91600.0,91600.0,91516.45,91527.03,34.04669
1764324300,91527.04,91527.04,91480.28,91488.91,21.21062
1764324600,91488.92,91554.83,91488.91,91530.07,18.12328
1764324900,91530.07,91591.25,91486.97,91586.01,46.03776
1764325200,91586.02,91638.62,91512.99,91613.17,91.80335
1764325500,91613.17,91613.18,91568.15,91568.16,18.13258
1764325800,91568.16,91666.89,91531.95,91609.92,89.03109
1764326100,91609.92,91655.99,91560.01,91655.98,21.22883
1764326400,91655.99,91663.47,91620.99,91627.0,17.47965
1764326700,91627.0,91637.91,91587.83,91595.22,27.95787
1764327000,91595.23,91860.14,91587.83,91860.14,347.69824
1764327300,91860.14,91874.86,91788.32,91850.49,53.73221
1764327600,91850.49,92030.0,91725.62,91733.34,272.12845
1764327900,91734.82,91734.82,91537.83,91588.86,100.83719
1764328200,91588.86,91638.62,91371.56,91372.75,79.15366
1764328500,91372.75,91372.76,91065.13,91173.34,171.79097
1764328800,91173.35,91303.98,91166.67,91261.6,57.25242
1764329100,91261.6,91345.2,91238.58,91283.17,19.58935
1764329400,91283.16,91361.38,91262.11,91292.68,30.66761
1764329700,91292.68,91333.18,91265.0,91267.57,30.95675
1764330000,91267.57,91358.94,91211.37,91296.86,38.23544
1764330300,91296.86,91414.36,91296.85,91395.46,25.83138
1764330600,91395.47,91421.0,91317.02,91415.82,33.39159
1764330900,91415.83,91477.05,91415.82,91437.64,50.7633
1764331200,91437.64,91559.99,91406.7,91501.1,51.08173
1764331500,91501.09,91608.56,91462.45,91556.57,52.24265
1764331800,91556.57,91556.58,91506.0,91519.7,33.22487
1764332100,91519.7,91555.78,91412.49,91555.77,25.94972
1764332400,91555.78,91613.78,91537.05,91557.17,27.06749
1764332700,91557.18,91591.3,91521.68,91558.33,17.62376
1764333000,91558.33,91629.56,91458.92,91612.44,40.63367
1764333300,91612.44,91692.3,91521.9,91536.14,48.617
1764333600,91536.14,91567.98,91480.34,91480.34,14.66495
1764333900,91480.34,91520.38,91405.69,91482.6,21.54389
1764334200,91482.61,91521.16,91455.48,91493.56,19.1454
1764334500,91493.56,91521.67,91480.78,91513.4,8.5211
1764334800,91513.4,91579.61,91486.98,91573.88,28.63169
1764335100,91573.88,91633.69,91380.94,91419.97,74.53673
1764335400,91419.97,91493.11,91419.96,91491.84,23.01765
1764335700,91491.83,91526.44,91435.5,91517.28,25.22393
1764336000,91517.27,91600.0,91493.56,91517.61,32.53901
1764336300,91517.6,91576.91,91517.6,91552.24,16.55231
1764336600,91552.25,91627.59,91488.75,91627.59,41.52309
1764336900,91627.59,91852.47,91627.58,91813.75,116.73516
1764337200,91813.76,91933.51,91794.0,91840.0,88.94476
1764337500,91840.0,92635.0,91839.99,92325.47,561.86275
1764337800,92325.48,92325.48,92029.1,92143.13,136.68301
1764338100,92143.13,92377.01,92100.0,92377.01,85.10474
1764338400,92377.0,92482.01,92254.47,92467.88,309.55512
1764338700,92467.87,92526.99,92336.65,92386.0,115.7315
1764339000,92386.0,92386.0,92205.46,92354.23,71.78573
1764339300,92354.22,92525.25,92330.0,92373.45,78.74303
1764339600,92373.46,92636.28,92364.5,92537.23,109.32977
1764339900,92537.24,92984.3,92537.24,92964.17,301.20975
1764340200,92964.18,93092.0,92437.22,92580.12,459.1611
1764340500,92580.12,92650.0,92314.0,92348.3,165.57534
1764340800,92348.29,92348.3,91967.44,92010.5,239.3624
1764341100,92010.49,92249.0,91818.35,92168.73,213.88807
1764341400,92168.73,92312.91,92150.57,92249.82,130.19322
1764341700,92249.83,92316.91,92098.59,92250.01,142.89341
1764342000,92250.0,92419.28,92135.6,92181.37,66.44284
1764342300,92181.37,92225.82,91976.59,92005.49,145.23776
1764342600,92005.49,92280.01,91998.0,92280.01,86.32146
1764342900,92280.01,92606.55,92278.15,92606.54,112.71738
1764343200,92606.55,92729.62,92533.78,92668.4,108.34734
1764343500,92668.39,92688.72,92522.01,92668.55,79.19083
1764343800,92668.54,92795.0,92575.92,92756.78,84.00583
1764344100,92756.79,92796.0,92549.15,92585.24,100.49731
1764344400,92585.23,92613.06,92503.74,92528.01,68.32955
1764344700,92528.01,92548.67,92345.25,92441.85,106.55639
1764345000,92441.85,92474.5,92298.2,92374.84,89.15357
1764345300,92374.84,92469.38,92292.11,92362.49,70.71324
1764345600,92362.5,92376.0,92128.0,92198.74,76.54738
1764345900,92198.74,92237.76,92000.0,92013.83,126.71361
1764346200,92013.84,92048.19,91835.62,91883.29,141.44471
1764346500,91884.19,92029.72,91876.69,91980.87,48.43159
1764346800,91980.86,91993.74,91321.28,91385.24,194.26155
1764347100,91385.23,91499.72,91111.0,91186.21,193.44398
1764347400,91186.21,91414.0,90961.52,91381.28,206.64756
1764347700,91381.27,91474.43,91325.29,91431.39,43.2737
1764348000,91431.39,91578.01,91283.94,91578.01,72.58662
1764348300,91578.0,91611.82,91424.71,91468.21,36.60045
1764348600,91468.2,91468.2,91258.93,91309.69,57.66444
1764348900,91309.69,91309.69,90880.0,90936.23,189.15102
1764349200,90936.24,91065.14,90831.49,90997.59,157.48033
1764349500,90997.59,91142.71,90995.81,91113.99,71.83802
1764349800,91113.99,91208.43,90872.63,90926.33,71.80994
1764350100,90926.32,90926.32,90648.33,90677.68,515.89285
1764350400,90677.68,90761.9,90551.12,90615.71,474.28568
1764350700,90615.7,90671.4,90386.47,90480.01,440.10892
1764351000,90480.01,90600.22,90246.06,90312.84,435.116
1764351300,90312.84,90390.46,90209.31,90298.85,377.24445
1764351600,90297.3,90375.22,90180.63,90251.9,354.70734
1764351900,90251.89,90589.94,90251.89,90504.79,143.96107
1764352200,90504.8,90731.22,90504.8,90630.66,166.1144
1764352500,90630.65,90818.26,90474.8,90663.98,160.1348
1764352800,90661.57,90741.75,90464.0,90570.05,176.96049
1764353100,90570.05,90652.0,90421.88,90622.85,81.26191
1764353400,90622.86,90907.33,90622.86,90893.68,137.09527
1764353700,90893.68,90897.2,90685.0,90700.08,34.72649
1764354000,90700.07,90762.66,90600.0,90645.92,38.27367
1764354300,90645.91,90801.72,90637.48,90791.91,37.11055
1764354600,90791.92,90860.0,90670.04,90706.58,28.72513
1764354900,90706.57,90879.99,90680.27,90839.06,24.44201
1764355200,90839.07,90870.13,90755.61,90812.89,18.41064
1764355500,90812.89,90958.57,90787.99,90931.44,31.49961
1764355800,90931.44,90931.46,90706.21,90706.22,35.68845
1764356100,90706.22,90832.1,90690.6,90830.57,18.92233
1764356400,90830.57,90949.99,90821.6,90874.87,19.25525
1764356700,90874.88,90965.01,90863.54,90875.07,19.37834
1764357000,90875.08,90985.67,90840.0,90985.67,20.71893
1764357300,90985.67,90985.67,90900.77,90963.78,31.14435
1764357600,90963.78,91168.41,90957.85,91155.42,76.88604
1764357900,91155.42,91168.35,91050.0,91091.35,38.64826
1764358200,91091.34,91101.79,91000.0,91029.27,23.80686
1764358500,91029.28,91200.0,91029.01,91170.71,31.82015
1764358800,91170.71,91202.55,91120.61,91125.26,14.48388
1764359100,91125.27,91166.63,91097.5,91105.25,33.1649
1764359400,91105.25,91161.94,91053.96,91150.1,22.27928
1764359700,91150.1,91191.96,91140.01,91157.44,29.03343
1764360000,91157.44,91157.45,90907.61,90919.73,31.68518
1764360300,90919.72,91000.0,90867.89,90972.46,26.44118
1764360600,90972.45,91028.63,90960.5,91028.63,14.11417
1764360900,91028.63,91188.33,90944.9,91179.65,32.95026
1764361200,91179.65,91195.34,91112.94,91146.43,32.41491
1764361500,91146.43,91180.01,91120.0,91156.76,42.13432
1764361800,91156.76,91225.45,91116.0,91118.86,35.00691
1764362100,91118.85,91149.0,91100.04,91148.99,20.08492
1764362400,91148.99,91149.0,91072.17,91124.18,13.79128
1764362700,91124.17,91154.32,91050.0,91140.71,22.88016
1764363000,91140.71,91180.0,91114.33,91114.33,24.57375
1764363300,91114.34,91201.31,91111.0,91201.1,14.27882
1764363600,91201.09,91232.0,91167.63,91219.97,21.66094
1764363900,91219.97,91247.16,91166.93,91169.18,18.5575
1764364200,91169.18,91186.73,91135.41,91149.46,12.00872
1764364500,91149.46,91170.07,91021.93,91029.23,43.04527
1764364800,91029.24,91077.93,91018.94,91073.69,11.63329
1764365100,91073.69,91137.27,91073.69,91137.27,17.9229
1764365400,91137.27,91177.96,91097.99,91109.09,16.66513
1764365700,91109.09,91177.65,91109.09,91159.13,8.94894
1764366000,91159.13,91239.68,91159.12,91239.68,7.72784
1764366300,91239.68,91239.68,91132.1,91152.01,16.5199
1764366600,91152.01,91183.54,90974.5,90977.68,32.60414
1764366900,90977.69,91025.39,90888.0,90888.01,16.66517
1764367200,90888.01,90927.9,90760.0,90871.79,49.28823
1764367500,90871.78,91028.87,90871.78,90941.67,29.41437
1764367800,90941.67,90982.98,90820.0,90820.01,26.20408
1764368100,90820.0,90914.48,90705.57,90844.95,31.06237
1764368400,90844.95,90871.88,90784.0,90826.46,15.56936
1764368700,90826.46,90956.0,90826.45,90871.7,22.20779
1764369000,90871.7,90984.0,90871.7,90983.99,12.55426
1764369300,90983.99,91030.05,90940.0,90972.58,27.8692
1764369600,90972.59,91009.75,90942.55,91009.74,11.00275
1764369900,91009.75,91061.23,91009.74,91040.88,13.86487
1764370200,91040.88,91159.89,91040.87,91091.69,15.82418
1764370500,91091.69,91122.0,91020.0,91122.0,21.19509
1764370800,91122.0,91195.68,91100.0,91179.36,25.99108
1764371100,91179.36,91183.64,91012.39,91062.0,29.63941
1764371400,91062.01,91157.4,91062.01,91113.34,9.98712
1764371700,91113.34,91124.29,91034.0,91050.61,12.16468
1764372000,91050.62,91092.21,91009.0,91033.36,11.81194
1764372300,91033.36,91049.51,90982.16,90982.16,7.56411
1764372600,90982.17,90994.62,90923.85,90994.62,17.44843
1764372900,90994.61,91040.0,90976.43,90981.13,10.93473
1764373200,90981.14,91027.57,90977.69,91000.0,11.52409
1764373500,91000.0,91000.01,90918.29,90918.3,12.07628
1764373800,90918.3,90974.43,90918.29,90954.68,13.39222
1764374100,90954.67,90954.68,90890.7,90890.7,52.84658
1764374400,90890.71,90964.0,90872.2,90963.99,20.65604
1764374700,90963.99,90964.0,90896.84,90896.84,9.37028
1764375000,90896.84,90896.84,90863.53,90869.0,19.94726
1764375300,90869.01,90907.17,90768.13,90805.74,21.59826
1764375600,90805.75,90949.98,90805.74,90949.98,11.90755
1764375900,90949.97,90949.98,90786.32,90895.99,25.95385
1764376200,90895.99,90918.08,90822.18,90846.07,14.31829
1764376500,90846.08,90928.95,90821.22,90881.44,10.76176
1764376800,90881.45,90968.0,90840.69,90941.7,16.23311
1764377100,90941.69,90943.05,90870.56,90897.25,13.99302
1764377400,90897.26,90897.26,90854.0,90876.69,12.38506
1764377700,90876.7,90890.39,90842.28,90884.01,9.71594
1764378000,90884.01,90934.0,90854.46,90888.06,12.3576
1764378300,90888.05,90957.62,90864.0,90948.82,12.01077
1764378600,90948.81,91043.99,90938.22,91042.64,24.37091
1764378900,91042.63,91119.99,90946.46,90946.46,22.28416
1764379200,90946.45,91010.86,90946.45,90995.05,13.66617
1764379500,90995.04,90995.05,90950.0,90964.42,8.98471
1764379800,90964.42,90964.43,90872.39,90912.66,17.5633
1764380100,90912.66,90926.96,90846.7,90846.7,15.68349
1764380400,90846.71,90868.55,90797.36,90854.92,13.37393
1764380700,90854.91,90884.69,90829.1,90856.78,25.29889
1764381000,90856.77,90868.17,90803.84,90859.1,15.14207
1764381300,90859.1,90913.2,90859.1,90881.2,9.1689
1764381600,90881.2,90891.39,90808.56,90808.56,22.99347
1764381900,90808.57,90847.45,90796.09,90813.22,45.0627
1764382200,90813.22,90855.67,90807.82,90855.67,12.84427
1764382500,90855.67,90926.9,90855.66,90910.01,30.66023
1764382800,90910.0,90925.6,90891.28,90922.94,17.46535
1764383100,90922.94,90923.77,90845.26,90845.27,18.72365
1764383400,90845.26,90845.26,90580.0,90595.46,92.36177
1764383700,90595.46,90655.93,90546.36,90648.57,39.63936
1764384000,90648.57,90672.06,90648.57,90672.05,11.79315
1764384300,90672.06,90672.06,90600.15,90629.43,37.49439
1764384600,90629.43,90722.45,90629.43,90709.33,13.91334
1764384900,90709.32,90805.28,90709.32,90798.89,17.35252
1764385200,90798.9,90874.03,90780.87,90874.02,27.9314
1764385500,90874.02,90874.03,90836.2,90864.03,21.0306
1764385800,90864.04,90864.04,90814.71,90822.79,15.82285
1764386100,90822.79,90859.62,90764.64,90790.02,35.7553
1764386400,90790.02,90828.0,90752.67,90752.68,15.31122
1764386700,90752.68,90753.7,90720.0,90720.01,20.78323
1764387000,90720.0,90727.43,90675.23,90721.55,15.10254
1764387300,90721.55,90756.85,90674.63,90741.49,12.40941
1764387600,90741.49,90772.43,90686.55,90686.55,10.88536
1764387900,90686.56,90698.59,90661.12,90686.75,15.89675
1764388200,90686.74,90701.74,90675.11,90693.27,9.01681
1764388500,90693.27,90693.28,90680.25,90680.26,3.82318
1764388800,90680.26,90700.83,90663.31,90679.5,10.85932
1764389100,90679.5,90679.5,90618.05,90632.95,18.95229
1764389400,90632.95,90638.66,90621.71,90621.72,8.77824
1764389700,90621.72,90651.0,90585.29,90585.29,13.95062
1764390000,90585.3,90627.99,90551.12,90616.53,24.29088
1764390300,90616.53,90700.02,90616.53,90697.82,13.75642
1764390600,90697.82,90737.64,90673.71,90732.16,17.82492
1764390900,90732.16,90789.99,90732.16,90772.08,21.79924
1764391200,90772.08,90810.18,90763.64,90780.29,9.21425
1764391500,90780.29,90820.5,90780.28,90820.5,12.12146
1764391800,90820.49,90838.18,90820.49,90834.53,5.25475
1764392100,90834.52,90911.36,90802.91,90901.56,38.02667
1764392400,90901.55,90904.5,90808.0,90808.0,32.51798
1764392700,90808.0,90833.42,90808.0,90820.02,10.58253
1764393000,90820.02,90820.02,90777.3,90789.15,16.1744
1764393300,90789.16,90901.93,90775.34,90901.92,24.98986
1764393600,90901.93,90931.56,90890.79,90907.22,35.13387
1764393900,90907.23,90915.85,90883.35,90895.69,6.90358
1764394200,90895.7,90895.7,90848.32,90848.33,10.44333
1764394500,90848.32,90926.0,90848.32,90860.03,20.93564
1764394800,90860.03,90866.18,90841.87,90858.22,11.51917
1764395100,90858.22,90871.0,90818.28,90818.29,7.1188
1764395400,90818.29,90818.29,90733.22,90733.22,9.76999
1764395700,90733.23,90783.15,90733.23,90747.16,14.93873
1764396000,90747.16,90762.87,90722.49,90722.67,15.19226
1764396300,90722.67,90763.4,90722.67,90763.4,4.91367
1764396600,90763.4,90832.57,90763.4,90824.84,14.27671
1764396900,90824.84,90824.84,90668.28,90668.29,20.11347
1764397200,90668.29,90668.43,90370.5,90491.93,145.76258
1764397500,90491.93,90612.1,90449.57,90549.78,99.41105
1764397800,90549.78,90586.62,90311.92,90399.09,96.28588
1764398100,90399.1,90539.85,90384.87,90505.74,40.36393
1764398400,90505.74,90556.0,90505.73,90544.26,16.50005
1764398700,90544.25,90595.95,90530.53,90577.29,16.78073
1764399000,90577.29,90589.08,90486.68,90516.46,36.92869
1764399300,90516.46,90594.49,90494.44,90565.29,45.46718
1764399600,90565.3,90660.46,90560.88,90652.93,17.38073
1764399900,90652.92,90666.0,90500.59,90501.72,14.15069
1764400200,90501.72,90591.73,90488.85,90555.19,14.62661
1764400500,90555.19,90624.86,90548.18,90548.18,18.08672
1764400800,90548.18,90554.81,90501.04,90515.89,19.02092
1764401100,90515.89,90546.71,90459.36,90489.48,10.77772
1764401400,90489.48,90522.0,90406.68,90406.68,24.81807
1764401700,90406.69,90437.64,90375.01,90395.48,21.79267
1764402000,90395.48,90450.01,90376.01,90435.68,29.21705
1764402300,90435.68,90497.62,90422.0,90422.01,24.22218
1764402600,90422.0,90485.65,90422.0,90472.02,22.9051
1764402900,90472.03,90590.13,90472.02,90567.67,64.69793
1764403200,90567.66,90567.67,90477.44,90510.22,14.72227
1764403500,90510.22,90645.97,90510.22,90609.12,19.40206
1764403800,90609.13,90666.22,90609.12,90631.96,21.27357
1764404100,90631.96,90737.15,90619.13,90653.1,27.60984
1764404400,90653.1,90738.17,90638.04,90709.07,39.11531
1764404700,90709.07,90710.0,90620.54,90622.93,12.2631
1764405000,90622.92,90713.44,90565.52,90713.43,18.7502
1764405300,90713.43,90713.44,90612.72,90650.92,20.62216
1764405600,90650.93,90679.91,90626.05,90628.79,9.0757
1764405900,90628.79,90637.8,90581.85,90581.86,11.1443
1764406200,90581.85,90608.62,90561.98,90561.99,6.5805
1764406500,90561.99,90629.68,90561.98,90629.67,8.87058
1764406800,90629.67,90660.47,90603.62,90647.9,72.78275
1764407100,90647.9,90665.37,90507.13,90525.67,39.66095
1764407400,90525.66,90600.66,90523.9,90593.47,22.61824
1764407700,90593.46,90630.98,90562.6,90583.1,8.96759
1764408000,90583.1,90583.1,90527.35,90564.22,12.07621
1764408300,90564.22,90605.98,90528.31,90528.31,16.47162
1764408600,90528.32,90569.29,90508.06,90535.84,13.17274
1764408900,90535.84,90585.0,90500.0,90554.74,8.96304
1764409200,90554.75,90589.24,90527.3,90582.83,12.60726
1764409500,90582.84,90616.0,90557.21,90604.81,27.65006
1764409800,90604.81,90613.15,90572.82,90572.83,5.9853
1764410100,90572.83,90587.3,90557.91,90560.08,14.37621
1764410400,90560.08,90580.01,90538.17,90547.02,21.45371
1764410700,90547.01,90588.53,90501.64,90550.67,15.71815
1764411000,90550.67,90627.35,90550.67,90567.13,15.914
1764411300,90567.14,90598.39,90450.02,90453.18,39.22847
1764411600,90453.18,90535.99,90376.37,90535.99,48.73825
1764411900,90535.99,90611.99,90535.99,90572.58,30.73195
1764412200,90572.59,90633.35,90572.58,90579.71,16.64563
1764412500,90579.7,90608.75,90579.06,90600.18,14.41154
1764412800,90600.19,90618.0,90587.52,90603.33,22.43877
1764413100,90603.34,90647.98,90561.16,90561.17,21.99924
1764413400,90561.17,90595.66,90524.65,90532.3,22.34286
1764413700,90532.29,90582.0,90532.29,90552.47,18.25935
1764414000,90552.47,90574.29,90529.09,90546.13,15.4673
1764414300,90546.12,90546.12,90458.17,90496.79,29.59344
1764414600,90496.79,90615.62,90496.78,90600.16,14.77499
1764414900,90600.15,90610.81,90542.89,90542.89,12.293
1764415200,90542.89,90574.45,90525.3,90525.3,14.57335
1764415500,90525.28,90543.1,90507.75,90543.1,8.69997
1764415800,90543.1,90548.78,90495.1,90543.76,11.73363
1764416100,90543.76,90576.85,90510.67,90576.85,13.46292
1764416400,90576.85,90623.88,90550.96,90600.01,43.02397
1764416700,90600.01,90624.36,90588.47,90604.5,15.97836
1764417000,90604.51,90675.34,90604.5,90665.71,13.63076
1764417300,90665.71,90682.33,90658.7,90673.19,11.57288
1764417600,90673.2,90700.0,90650.12,90696.74,19.5426
1764417900,90696.74,90810.45,90696.74,90790.26,43.20525
1764418200,90790.25,90790.25,90650.44,90650.45,29.36831
1764418500,90650.45,90671.03,90590.7,90618.21,16.29463
1764418800,90618.2,90642.3,90569.66,90570.19,25.96147
1764419100,90570.2,90578.16,90555.28,90557.25,15.52421
1764419400,90557.25,90617.28,90530.93,90617.28,21.79883
1764419700,90617.28,90617.28,90547.57,90588.15,24.59619
1764420000,90588.14,90624.89,90588.14,90624.89,14.35929
1764420300,90624.89,90688.99,90614.69,90654.14,17.03471
1764420600,90654.15,90717.23,90634.58,90689.82,9.2929
1764420900,90689.81,90689.82,90616.01,90616.01,16.5231
1764421200,90616.01,90679.99,90600.0,90679.99,22.91938
1764421500,90679.99,90696.0,90613.27,90613.28,28.15656
1764421800,90613.27,90643.84,90610.8,90616.28,6.55006
1764422100,90616.29,90660.46,90591.35,90660.45,21.49643
1764422400,90660.46,90748.57,90660.45,90692.0,36.85004
1764422700,90692.01,90786.0,90692.0,90765.73,27.72315
1764423000,90765.72,90801.61,90737.92,90765.72,23.43228
1764423300,90765.73,90765.73,90688.0,90714.44,14.1785
1764423600,90714.43,90751.99,90705.57,90745.0,17.9962
1764423900,90745.0,90777.99,90744.99,90772.98,20.09545
1764424200,90772.97,90805.99,90772.97,90793.54,12.16976
1764424500,90793.54,90797.96,90763.08,90783.17,11.85179
1764424800,90783.16,90783.17,90727.53,90727.57,14.45175
1764425100,90727.57,90756.58,90700.01,90726.77,10.0086
1764425400,90726.76,90734.0,90672.87,90734.0,26.62934
1764425700,90734.0,90740.0,90677.06,90677.07,11.95076
1764426000,90677.07,90689.95,90651.25,90651.26,23.86839
1764426300,90651.26,90670.01,90651.26,90668.48,30.57959
1764426600,90668.48,90713.99,90646.91,90646.92,13.29107
1764426900,90646.92,90679.6,90646.91,90660.81,24.66045
1764427200,90660.8,90685.43,90631.53,90667.83,22.26609
1764427500,90667.83,90699.38,90625.53,90697.19,9.0795
1764427800,90697.18,90697.18,90634.01,90648.45,20.71735
1764428100,90648.44,90648.44,90610.41,90621.72,24.04984
1764428400,90621.73,90671.99,90621.72,90644.67,10.64397
1764428700,90644.67,90691.7,90644.66,90691.7,14.41077
1764429000,90691.7,90759.7,90686.37,90758.57,48.12532
1764429300,90758.58,91010.0,90758.58,90935.28,121.01629
1764429600,90935.28,91110.36,90924.4,90973.85,54.15969
1764429900,90973.84,90973.84,90863.98,90882.16,27.28829
1764430200,90882.16,90940.6,90863.99,90932.39,28.16625
1764430500,90932.39,90932.39,90844.14,90903.98,19.70786
1764430800,90903.99,90903.99,90870.66,90871.04,14.53596
1764431100,90871.05,91023.85,90871.04,91007.19,22.94232
1764431400,91007.18,91057.51,90991.05,91009.11,33.25665
1764431700,91009.11,91063.5,91009.1,91063.5,25.29979
1764432000,91063.5,91070.48,90982.36,91019.8,36.39253
1764432300,91019.8,91082.0,90951.03,90973.08,31.56666
1764432600,90973.09,91063.08,90973.08,91000.6,13.18515
1764432900,91000.6,91105.98,90981.08,91105.98,15.33013
1764433200,91106.0,91165.65,91060.54,91073.29,53.04444
1764433500,91073.29,91073.3,90870.99,90906.45,22.65464
1764433800,90906.46,90973.1,90906.46,90970.65,17.35854
1764434100,90970.65,90970.65,90910.58,90937.88,10.9465
1764434400,90937.88,90952.94,90925.8,90934.58,11.79619
1764434700,90934.59,90934.59,90862.22,90870.99,13.71473
1764435000,90871.0,90912.18,90870.99,90912.18,3.14614
