timestamp,open,high,low,close,volume
1763830500,2753.93,2758.0,2753.5,2755.48,722.421
1763830800,2755.49,2756.0,2747.14,2747.4,1224.8388
1763831100,2747.4,2753.3,2744.97,2752.74,554.1427
1763831400,2752.75,2754.28,2747.6,2751.49,649.74
1763831700,2751.49,2752.18,2748.61,2748.84,564.3634
1763832000,2748.84,2755.5,2748.61,2755.5,411.2157
1763832300,2755.49,2758.44,2754.88,2756.49,536.7611
1763832600,2756.49,2757.31,2752.74,2753.44,541.3489
1763832900,2753.44,2753.44,2748.33,2750.41,555.0056
1763833200,2750.41,2752.32,2746.97,2749.21,644.5664
1763833500,2749.21,2749.5,2745.34,2747.25,499.3295
1763833800,2747.25,2750.28,2747.2,2748.98,397.7688
1763834100,2748.98,2752.0,2746.56,2750.01,590.0892
1763834400,2750.02,2750.54,2746.49,2748.07,350.7514
1763834700,2748.08,2754.45,2746.85,2753.94,865.1376
1763835000,2753.94,2754.89,2751.84,2752.07,608.2475
1763835300,2752.07,2752.49,2748.61,2751.29,349.7205
1763835600,2751.29,2752.5,2749.49,2751.5,441.5681
1763835900,2751.51,2752.5,2748.05,2750.93,373.0905
1763836200,2750.94,2751.32,2744.78,2744.94,595.2472
1763836500,2744.95,2748.43,2743.02,2747.3,1898.5532
1763836800,2747.31,2750.88,2747.3,2750.03,323.0328
1763837100,2750.02,2754.05,2747.63,2754.03,498.5062
1763837400,2754.04,2754.69,2752.53,2752.75,450.0059
1763837700,2752.74,2752.74,2750.59,2752.5,280.4747
1763838000,2752.5,2754.16,2749.29,2750.2,438.7737
1763838300,2750.2,2757.5,2748.47,2755.44,643.0293
1763838600,2755.45,2755.45,2750.41,2753.2,288.0064
1763838900,2753.19,2755.87,2753.13,2754.89,303.3498
1763839200,2754.89,2754.89,2749.23,2750.73,399.3958
1763839500,2750.73,2751.56,2748.31,2750.92,240.3714
1763839800,2750.93,2752.5,2749.56,2750.96,205.9129
1763840100,2750.97,2752.0,2746.74,2747.98,612.2729
1763840400,2747.98,2748.52,2744.85,2747.61,368.395
1763840700,2747.62,2751.29,2746.49,2751.29,458.8674
1763841000,2751.29,2754.03,2750.93,2751.5,358.2347
1763841300,2751.51,2753.12,2750.56,2750.65,161.6109
1763841600,2750.65,2754.89,2750.49,2754.88,1142.6447
1763841900,2754.89,2755.17,2750.09,2751.17,457.4886
1763842200,2751.17,2756.87,2751.17,2755.8,287.3213
1763842500,2755.8,2756.59,2751.47,2751.99,306.8562
1763842800,2752.0,2756.5,2751.06,2752.73,212.482
1763843100,2752.72,2755.24,2751.58,2754.72,173.9587
1763843400,2754.72,2754.84,2749.45,2751.22,646.4285
1763843700,2751.22,2751.57,2745.64,2748.18,390.6373
1763844000,2748.18,2748.56,2743.01,2743.21,339.8429
1763844300,2743.21,2745.47,2735.26,2735.9,1151.0146
1763844600,2735.89,2739.5,2733.72,2735.67,452.7975
1763844900,2735.66,2742.96,2734.74,2741.26,623.7469
1763845200,2741.26,2743.17,2739.33,2742.56,351.762
1763845500,2742.56,2745.74,2739.86,2739.89,1285.9447
1763845800,2739.89,2741.44,2737.02,2739.74,269.382
1763846100,2739.75,2744.44,2739.49,2743.89,241.388
1763846400,2743.89,2746.73,2742.63,2746.46,243.8998
1763846700,2746.47,2748.33,2744.02,2746.12,267.1296
1763847000,2746.11,2748.0,2746.11,2747.59,332.7364
1763847300,2747.58,2747.58,2742.28,2743.02,264.3889
1763847600,2743.02,2747.46,2743.01,2746.35,174.5657
1763847900,2746.36,2748.41,2745.56,2746.26,251.5994
1763848200,2746.26,2748.5,2744.35,2748.18,491.4626
1763848500,2748.18,2748.62,2746.52,2747.5,420.6501
1763848800,2747.5,2748.5,2743.01,2743.37,198.2245
1763849100,2743.36,2744.76,2741.85,2744.76,215.7048
1763849400,2744.77,2757.64,2744.77,2757.38,1251.0083
1763849700,2757.38,2768.25,2756.13,2762.54,2454.1756
1763850000,2762.53,2766.76,2760.89,2765.94,536.5217
1763850300,2765.93,2765.93,2756.64,2759.38,778.9885
1763850600,2759.37,2762.39,2757.47,2762.19,431.4403
1763850900,2762.2,2767.39,2761.63,2766.36,1841.4906
1763851200,2766.36,2768.49,2765.32,2768.48,482.1491
1763851500,2768.48,2770.29,2765.01,2765.87,1026.4023
1763851800,2765.86,2799.01,2765.86,2795.55,6934.3512
1763852100,2795.54,2798.5,2787.49,2789.27,2745.1469
1763852400,2789.26,2793.45,2782.15,2790.24,1733.2844
1763852700,2790.27,2790.6,2776.59,2780.69,1341.4458
1763853000,2780.69,2784.07,2778.42,2783.31,850.3033
1763853300,2783.31,2783.95,2769.62,2770.45,1072.4935
1763853600,2770.45,2775.98,2767.62,2775.5,754.983
1763853900,2775.49,2779.5,2775.13,2778.3,1101.8764
1763854200,2778.3,2781.23,2772.99,2779.37,805.931
1763854500,2779.37,2780.31,2776.41,2779.75,467.5742
1763854800,2779.75,2780.5,2768.69,2771.93,1012.333
1763855100,2771.92,2773.99,2769.4,2771.79,555.8124
1763855400,2771.78,2773.76,2768.74,2769.46,443.4131
1763855700,2769.47,2771.26,2767.62,2770.12,467.8784
1763856000,2770.12,2775.19,2768.29,2773.66,653.4348
1763856300,2773.66,2777.09,2772.23,2776.86,643.1943
1763856600,2776.87,2781.0,2775.49,2779.09,1078.0183
1763856900,2779.13,2786.81,2776.83,2783.12,966.998
1763857200,2783.11,2787.5,2778.86,2787.49,1473.4096
1763857500,2787.5,2789.41,2780.6,2780.61,1131.2603
1763857800,2780.6,2781.28,2773.75,2777.49,897.7732
1763858100,2777.5,2778.3,2772.55,2773.83,2063.5385
1763858400,2773.83,2775.32,2770.61,2774.87,645.4147
1763858700,2774.86,2775.72,2768.32,2771.22,526.2708
1763859000,2771.23,2776.85,2770.72,2772.91,454.9308
1763859300,2772.9,2772.99,2768.99,2772.99,315.8289
1763859600,2773.0,2780.43,2771.93,2780.0,754.6853
1763859900,2779.99,2783.05,2778.49,2783.05,483.7122
1763860200,2783.05,2784.84,2780.83,2783.62,654.3867
1763860500,2783.63,2792.61,2780.53,2785.49,4820.738
1763860800,2785.48,2790.26,2780.53,2783.0,1531.092
1763861100,2782.99,2788.5,2781.61,2787.59,873.9034
1763861400,2787.59,2791.72,2785.18,2789.07,1290.9
1763861700,2789.08,2802.25,2788.4,2800.91,3627.9201
1763862000,2800.9,2805.7,2798.8,2803.23,2154.8144
1763862300,2803.23,2806.21,2799.24,2802.02,1122.8572
1763862600,2802.01,2815.73,2801.0,2808.0,3777.4004
1763862900,2807.99,2812.97,2804.0,2808.44,2377.7274
1763863200,2808.45,2816.67,2804.37,2815.84,2817.3759
1763863500,2815.84,2819.27,2805.88,2806.98,2683.5658
1763863800,2806.98,2811.1,2805.7,2810.65,630.6674
1763864100,2810.65,2814.97,2809.24,2811.56,1232.3988
1763864400,2811.57,2817.37,2807.49,2816.9,972.1764
1763864700,2816.89,2825.21,2816.18,2818.59,2337.7694
1763865000,2818.58,2826.47,2817.9,2822.86,2076.2093
1763865300,2822.86,2828.6,2818.91,2828.4,1674.5867
1763865600,2828.4,2834.33,2825.75,2828.08,4023.6526
1763865900,2828.07,2832.18,2823.56,2831.71,2159.1006
1763866200,2831.71,2832.01,2820.18,2822.03,1918.3918
1763866500,2822.03,2824.0,2819.88,2821.12,1070.8038
1763866800,2821.12,2821.13,2810.53,2811.39,1530.4835
1763867100,2811.38,2820.0,2809.73,2820.0,1122.4832
1763867400,2820.0,2822.86,2812.09,2813.7,1303.1941
1763867700,2813.7,2817.87,2811.22,2817.49,714.9531
1763868000,2817.49,2817.49,2810.17,2811.47,644.802
1763868300,2811.46,2814.69,2810.47,2813.89,578.2372
1763868600,2813.88,2819.74,2811.59,2819.46,924.2802
1763868900,2819.46,2822.2,2815.25,2818.2,771.7594
1763869200,2818.19,2819.49,2816.38,2819.1,314.4962
1763869500,2819.1,2822.19,2816.89,2819.34,633.3966
1763869800,2819.33,2821.66,2817.34,2820.34,578.6806
1763870100,2820.33,2824.95,2819.98,2824.77,848.4033
1763870400,2824.77,2828.92,2823.07,2823.66,1034.579
1763870700,2823.65,2832.55,2819.76,2830.41,1064.4437
1763871000,2830.42,2835.03,2828.57,2834.16,2059.4279
1763871300,2834.16,2844.62,2831.89,2843.59,1976.6473
1763871600,2843.6,2852.17,2836.75,2837.45,5371.1
1763871900,2837.46,2841.95,2828.29,2828.73,4441.9684
1763872200,2828.76,2831.5,2826.58,2831.5,1434.2843
1763872500,2831.5,2831.94,2824.0,2828.32,1790.2758
1763872800,2828.32,2828.57,2821.77,2822.25,1598.6609
1763873100,2822.25,2833.07,2820.85,2828.58,2613.341
1763873400,2828.58,2835.08,2826.74,2827.52,1923.8657
1763873700,2827.52,2829.28,2825.51,2827.76,802.1802
1763874000,2827.77,2829.29,2826.02,2827.21,540.5347
1763874300,2827.21,2830.0,2824.28,2826.5,699.0023
1763874600,2826.5,2831.25,2823.99,2830.31,2401.4488
1763874900,2830.31,2831.39,2825.99,2827.59,2445.6151
1763875200,2827.59,2828.44,2824.01,2825.16,989.0687
1763875500,2825.15,2825.42,2824.0,2824.35,790.9871
1763875800,2824.35,2824.35,2821.49,2822.25,4504.2845
1763876100,2822.24,2823.11,2813.1,2817.45,4570.3065
1763876400,2817.46,2820.42,2816.5,2817.47,1073.986
1763876700,2817.46,2826.41,2817.46,2825.82,1842.8448
1763877000,2825.83,2827.47,2820.99,2824.0,511.0685
1763877300,2823.99,2825.7,2822.4,2825.35,423.8697
1763877600,2825.35,2829.29,2823.19,2828.0,733.9469
1763877900,2828.0,2832.47,2827.01,2827.15,876.3175
1763878200,2827.15,2827.18,2825.0,2825.27,563.5386
1763878500,2825.28,2826.67,2825.0,2825.51,2272.0143
1763878800,2825.5,2827.83,2820.0,2820.53,2918.6634
1763879100,2820.53,2822.36,2820.0,2820.83,1408.2141
1763879400,2820.83,2821.28,2814.42,2814.63,2953.6038
1763879700,2814.64,2814.96,2806.0,2810.27,1709.5739
1763880000,2810.28,2812.42,2808.67,2811.7,1065.821
1763880300,2811.71,2815.09,2810.63,2810.78,674.1368
1763880600,2810.85,2811.26,2808.0,2809.99,1151.3343
1763880900,2810.0,2812.59,2808.33,2810.33,994.6175
1763881200,2810.34,2812.34,2800.0,2800.35,4170.3083
1763881500,2800.35,2800.36,2794.0,2798.22,3985.9938
1763881800,2798.22,2805.92,2798.22,2804.13,1074.6536
1763882100,2804.12,2804.56,2784.98,2790.77,7317.4104
1763882400,2790.77,2795.73,2788.82,2795.07,1162.2021
1763882700,2795.07,2795.49,2777.2,2782.18,7336.9479
1763883000,2782.18,2786.5,2780.15,2785.98,1644.2883
1763883300,2785.98,2789.78,2784.1,2788.22,1485.0149
1763883600,2788.22,2793.47,2788.22,2792.17,1451.0416
1763883900,2792.17,2794.0,2790.32,2793.47,903.8027
1763884200,2793.47,2794.83,2791.03,2791.47,610.6716
1763884500,2791.46,2794.3,2788.68,2793.7,661.2522
1763884800,2793.7,2802.11,2793.69,2799.99,1326.9105
1763885100,2800.0,2803.35,2799.0,2802.23,678.0318
1763885400,2802.16,2806.57,2801.0,2802.59,1063.4077
1763885700,2802.58,2805.35,2799.06,2804.26,723.7607
1763886000,2804.26,2808.41,2803.92,2805.95,586.8264
1763886300,2805.96,2808.89,2805.45,2807.14,547.7765
1763886600,2807.15,2810.45,2805.42,2810.44,477.0731
1763886900,2810.44,2810.44,2803.93,2806.5,533.0744
1763887200,2806.5,2807.44,2803.16,2803.63,417.5166
1763887500,2803.64,2815.73,2803.64,2814.2,1263.5332
1763887800,2814.2,2814.2,2808.54,2809.07,653.8139
1763888100,2809.08,2814.47,2809.08,2811.53,898.2687
1763888400,2811.53,2812.05,2809.47,2810.39,183.7357
1763888700,2810.38,2811.16,2807.24,2808.4,592.2002
1763889000,2808.39,2812.0,2808.16,2810.93,288.6684
1763889300,2810.92,2815.0,2807.97,2812.3,765.0931
1763889600,2812.29,2815.77,2808.81,2809.29,730.6108
1763889900,2809.3,2810.94,2807.35,2809.55,284.8881
1763890200,2809.56,2812.46,2807.97,2808.45,500.5033
1763890500,2808.45,2814.09,2806.09,2811.46,3415.1405
1763890800,2811.46,2823.98,2810.8,2820.38,1610.2458
1763891100,2820.39,2820.69,2816.99,2816.99,500.0578
1763891400,2816.99,2817.9,2814.18,2817.52,315.8463
1763891700,2817.52,2818.0,2815.12,2816.45,310.8438
1763892000,2816.45,2816.87,2810.8,2812.19,632.1228
1763892300,2812.19,2812.72,2807.55,2809.79,1267.0292
1763892600,2809.78,2809.79,2803.44,2808.31,893.4685
1763892900,2808.3,2808.49,2802.88,2805.19,756.1927
1763893200,2805.19,2810.0,2802.96,2809.11,492.7751
1763893500,2809.11,2812.97,2806.18,2807.09,497.6146
1763893800,2807.09,2807.39,2803.88,2806.36,829.6189
1763894100,2806.36,2810.5,2803.79,2809.05,394.8285
1763894400,2809.06,2812.97,2808.48,2810.82,405.249
1763894700,2810.82,2813.0,2810.33,2811.93,449.5525
1763895000,2811.93,2813.72,2809.49,2813.0,400.2771
1763895300,2813.01,2813.31,2807.56,2808.73,488.4105
1763895600,2808.72,2809.34,2804.77,2807.17,675.7826
1763895900,2807.16,2811.39,2803.72,2808.11,799.0492
1763896200,2808.11,2809.5,2804.4,2809.5,479.4932
1763896500,2809.5,2812.37,2805.03,2809.99,450.2537
1763896800,2809.99,2811.51,2807.31,2810.23,276.5983
1763897100,2810.24,2817.82,2809.55,2812.73,689.0922
1763897400,2812.73,2819.59,2812.73,2818.48,984.712
1763897700,2818.48,2818.95,2814.22,2815.98,615.6708
1763898000,2815.99,2819.25,2815.76,2818.18,366.8545
1763898300,2818.18,2820.61,2816.77,2817.11,985.5945
1763898600,2817.11,2817.11,2813.0,2815.13,483.3698
1763898900,2815.13,2816.5,2814.7,2815.54,216.153
1763899200,2815.54,2820.7,2813.98,2819.78,614.9568
1763899500,2819.78,2821.81,2817.16,2817.66,911.0167
1763899800,2817.66,2830.0,2817.43,2828.28,1636.0587
1763900100,2828.29,2847.01,2828.0,2839.63,11894.7533
1763900400,2839.63,2845.03,2835.52,2837.4,3036.5617
1763900700,2837.41,2838.78,2834.01,2835.46,1607.5003
1763901000,2835.46,2835.95,2830.75,2832.27,1460.9679
1763901300,2832.27,2850.0,2831.1,2837.5,5199.6821
1763901600,2837.49,2837.96,2833.11,2837.45,1666.0854
1763901900,2837.45,2838.14,2831.64,2833.74,4669.6683
1763902200,2833.74,2838.82,2833.74,2835.78,4419.1449
1763902500,2835.77,2836.57,2832.9,2835.42,546.0602
1763902800,2835.43,2837.0,2832.92,2836.1,4187.6771
1763903100,2836.1,2837.0,2830.0,2830.94,1385.3439
1763903400,2830.94,2830.94,2822.51,2824.41,1249.6368
1763903700,2824.4,2831.39,2824.4,2831.09,2431.9
1763904000,2831.09,2831.39,2825.22,2827.8,776.3333
1763904300,2827.81,2832.26,2826.54,2832.14,2077.3078
1763904600,2832.13,2834.33,2828.01,2831.32,618.6878
1763904900,2831.32,2837.0,2829.85,2836.55,1866.726
1763905200,2836.54,2840.78,2836.54,2839.48,3024.3518
1763905500,2839.49,2844.5,2836.81,2844.03,1221.8149
1763905800,2844.07,2845.44,2839.89,2841.24,1442.6249
1763906100,2841.24,2844.62,2840.29,2843.65,1010.0627
1763906400,2843.66,2858.16,2842.22,2856.91,4023.2782
1763906700,2856.91,2857.16,2833.76,2836.42,5132.091
1763907000,2836.42,2837.36,2832.74,2834.9,1447.5929
1763907300,2834.89,2836.39,2825.63,2825.63,1600.2336
1763907600,2825.64,2829.82,2824.99,2827.54,1095.5633
1763907900,2827.55,2831.74,2827.44,2829.27,731.3541
1763908200,2829.26,2833.89,2827.1,2833.68,1238.3837
1763908500,2833.69,2837.97,2823.58,2829.09,4595.676
1763908800,2829.09,2832.97,2828.0,2828.6,814.585
1763909100,2828.6,2832.19,2818.81,2823.87,1568.2196
1763909400,2823.88,2823.88,2813.11,2815.77,2348.6713
1763909700,2815.76,2818.54,2812.49,2814.88,879.5894
1763910000,2814.88,2818.91,2810.12,2813.37,1504.352
1763910300,2813.36,2817.8,2810.55,2815.77,955.035
1763910600,2815.77,2822.95,2815.77,2820.87,815.3476
1763910900,2820.86,2822.65,2818.01,2822.15,714.3028
1763911200,2822.15,2825.91,2814.41,2820.0,1943.3524
1763911500,2819.99,2822.8,2816.69,2818.98,659.9404
1763911800,2818.98,2827.21,2816.24,2826.73,958.1667
1763912100,2826.73,2836.13,2824.07,2834.26,2025.378
1763912400,2834.27,2837.32,2832.19,2833.09,1399.0299
1763912700,2833.1,2835.0,2829.72,2832.8,1454.7309
1763913000,2832.8,2833.11,2829.77,2832.74,1369.2805
1763913300,2832.74,2840.15,2832.74,2836.5,1927.7769
1763913600,2836.49,2841.0,2833.71,2839.78,1064.4019
1763913900,2839.79,2846.8,2836.18,2837.19,2273.5735
1763914200,2837.19,2837.9,2830.1,2831.73,1410.2484
1763914500,2831.72,2834.35,2828.0,2828.48,1341.8109
1763914800,2828.47,2828.66,2824.52,2824.52,1234.4398
1763915100,2824.52,2827.47,2819.87,2822.77,1439.7528
1763915400,2822.77,2829.92,2817.82,2828.22,1375.4255
1763915700,2828.23,2832.04,2826.62,2829.99,983.0542
1763916000,2829.99,2831.0,2828.07,2830.99,719.7106
1763916300,2830.99,2830.99,2824.55,2824.95,810.1069
1763916600,2824.96,2826.18,2820.58,2821.31,664.9227
1763916900,2821.31,2822.78,2798.04,2800.05,4642.4759
1763917200,2800.06,2802.98,2789.87,2797.45,5728.7004
1763917500,2797.45,2800.23,2795.09,2796.46,1759.3742
1763917800,2796.47,2801.12,2794.36,2797.21,887.4887
1763918100,2797.21,2799.65,2786.86,2790.81,2455.5105
1763918400,2790.82,2794.06,2787.68,2790.76,1621.6683
1763918700,2790.76,2808.17,2789.22,2807.4,1757.624
1763919000,2807.39,2807.39,2796.85,2802.99,1105.2325
1763919300,2803.0,2807.33,2801.85,2801.93,789.4671
1763919600,2801.92,2804.2,2801.59,2803.99,306.4372
1763919900,2803.98,2803.99,2786.63,2790.49,1809.0433
1763920200,2790.5,2793.5,2787.35,2791.49,986.3247
1763920500,2791.5,2796.38,2791.2,2792.72,412.7334
1763920800,2792.72,2801.61,2792.72,2797.81,716.2939
1763921100,2797.8,2801.13,2797.63,2799.58,294.072
1763921400,2799.58,2799.58,2791.92,2797.23,819.6472
1763921700,2797.23,2811.98,2796.5,2808.91,1964.7195
1763922000,2808.94,2812.0,2803.87,2806.26,720.8243
1763922300,2806.26,2806.87,2801.03,2803.49,473.4238
1763922600,2803.49,2807.34,2801.62,2806.59,867.4809
1763922900,2806.6,2811.5,2806.1,2811.29,798.504
1763923200,2811.29,2816.92,2811.29,2813.5,1047.2334
1763923500,2813.51,2813.51,2805.0,2805.53,891.4417
1763923800,2805.54,2806.89,2803.49,2806.67,442.7091
1763924100,2806.66,2808.88,2803.79,2808.87,360.6284
1763924400,2808.88,2814.9,2807.24,2812.99,641.9421
1763924700,2812.99,2815.13,2809.0,2813.82,643.5933
1763925000,2813.82,2814.92,2811.87,2812.48,755.0201
1763925300,2812.47,2822.99,2812.47,2822.99,1158.835
1763925600,2823.0,2828.0,2820.71,2827.98,1059.5021
1763925900,2827.98,2828.73,2821.49,2821.49,1132.5035
1763926200,2821.49,2834.68,2820.66,2834.4,1979.0261
1763926500,2834.39,2837.45,2833.11,2835.52,1549.84
1763926800,2835.52,2835.52,2828.32,2830.74,1473.065
1763927100,2830.74,2831.27,2824.63,2826.55,811.3834
1763927400,2826.55,2830.0,2826.09,2828.48,405.2071
1763927700,2828.47,2830.17,2819.64,2822.7,1436.279
1763928000,2822.7,2831.34,2821.42,2831.34,1019.7952
1763928300,2831.34,2833.16,2823.99,2825.9,1318.7882
1763928600,2825.9,2830.77,2823.12,2830.49,723.7033
1763928900,2830.5,2831.06,2826.53,2831.05,584.2201
1763929200,2831.06,2835.43,2825.44,2835.42,1636.075
1763929500,2835.42,2835.44,2831.49,2832.64,366.9395
1763929800,2832.64,2833.11,2823.99,2824.67,908.1172
1763930100,2824.68,2831.17,2824.67,2830.49,430.1682
1763930400,2830.49,2830.52,2826.71,2828.91,396.0332
1763930700,2828.92,2830.57,2827.27,2828.48,349.3102
1763931000,2828.48,2832.98,2828.48,2829.48,419.0924
1763931300,2829.47,2831.36,2826.5,2828.55,557.8554
1763931600,2828.55,2828.56,2823.49,2825.22,639.4443
1763931900,2825.22,2830.5,2819.02,2819.84,1152.3118
1763932200,2819.83,2824.1,2817.28,2823.01,1607.2005
1763932500,2823.02,2830.2,2822.57,2830.01,535.9005
1763932800,2830.02,2833.63,2827.12,2832.03,1108.0419
1763933100,2832.03,2840.16,2832.03,2839.0,903.9752
1763933400,2839.0,2840.43,2834.18,2838.06,875.6395
1763933700,2838.07,2838.29,2830.57,2831.39,935.2907
1763934000,2831.4,2835.4,2828.65,2829.14,563.275
1763934300,2829.13,2837.71,2828.61,2836.27,802.6504
1763934600,2836.27,2842.04,2835.14,2841.58,803.7252
1763934900,2841.63,2845.0,2840.35,2841.58,963.5451
1763935200,2841.58,2844.72,2828.18,2829.66,1334.9475
1763935500,2829.66,2833.94,2824.52,2825.96,880.1686
1763935800,2825.96,2835.78,2825.72,2835.78,698.4401
1763936100,2835.77,2837.82,2825.16,2830.89,920.5803
1763936400,2830.89,2837.46,2829.28,2834.0,534.1161
1763936700,2834.0,2841.16,2830.0,2839.73,1454.6851
1763937000,2839.73,2839.73,2833.98,2833.98,867.2229
1763937300,2833.99,2836.02,2829.85,2830.45,454.6325
1763937600,2830.44,2833.83,2826.63,2830.8,749.1101
1763937900,2830.79,2839.48,2830.79,2835.51,1180.9651
1763938200,2835.52,2835.72,2833.0,2833.99,259.9089
1763938500,2834.0,2840.0,2834.0,2838.7,1469.8487
1763938800,2838.7,2843.49,2823.8,2824.7,2221.4259
1763939100,2824.7,2825.17,2817.28,2819.78,2813.4652
1763939400,2819.79,2825.0,2813.43,2814.97,1781.2324
1763939700,2814.97,2818.2,2802.99,2805.25,2491.3713
1763940000,2805.24,2807.56,2796.13,2804.44,2830.8903
1763940300,2804.44,2808.71,2801.99,2806.2,1946.1569
1763940600,2806.19,2806.19,2796.93,2800.31,1296.1836
1763940900,2800.31,2802.22,2794.74,2796.5,1434.6787
1763941200,2796.5,2806.14,2796.29,2803.15,1864.436
1763941500,2803.15,2806.63,2800.36,2804.13,766.4653
1763941800,2804.11,2808.0,2798.57,2800.26,2252.0844
1763942100,2800.25,2803.2,2799.72,2802.16,416.0746
1763942400,2802.16,2802.16,2787.85,2788.67,2184.8873
1763942700,2788.66,2789.5,2779.58,2781.37,2473.9107
1763943000,2781.36,2784.74,2777.77,2779.62,1473.9204
1763943300,2779.61,2782.37,2768.89,2769.55,2802.8227
1763943600,2769.56,2780.4,2763.0,2780.02,3750.2899
1763943900,2780.03,2787.44,2776.75,2784.78,1235.5373
1763944200,2784.78,2784.93,2775.13,2783.0,8353.6024
1763944500,2783.0,2794.96,2783.0,2792.82,1905.6515
1763944800,2792.83,2796.44,2783.9,2789.75,1384.0717
1763945100,2789.75,2793.18,2781.99,2793.18,1549.1111
1763945400,2793.18,2803.5,2792.58,2796.08,1268.1048
1763945700,2796.08,2796.64,2786.49,2788.34,1258.1071
1763946000,2788.35,2788.35,2782.45,2784.5,1152.2583
1763946300,2784.5,2794.97,2779.59,2794.57,1922.6013
1763946600,2794.57,2799.21,2788.26,2789.64,896.225
1763946900,2789.65,2793.38,2781.88,2786.54,853.7652
1763947200,2786.54,2788.99,2782.08,2788.34,757.3919
1763947500,2788.33,2795.9,2786.41,2791.49,803.9825
1763947800,2791.49,2792.7,2784.0,2786.84,645.2826
1763948100,2786.81,2789.0,2782.57,2783.9,855.8464
1763948400,2783.91,2789.73,2778.36,2781.58,699.8534
1763948700,2781.59,2790.2,2779.07,2788.66,974.999
1763949000,2788.66,2803.12,2788.66,2797.77,1741.4307
1763949300,2797.76,2807.49,2797.76,2806.24,1563.8087
1763949600,2806.25,2836.96,2804.35,2835.15,8839.5158
1763949900,2835.15,2854.49,2834.99,2844.88,5165.862
1763950200,2844.89,2860.42,2844.88,2859.09,2670.5845
1763950500,2859.1,2867.46,2855.23,2862.68,2558.6999
1763950800,2862.68,2865.18,2856.76,2863.32,2609.0562
1763951100,2863.32,2864.5,2852.7,2853.71,2437.0735
1763951400,2853.71,2858.98,2837.94,2839.85,10364.6487
1763951700,2839.84,2846.32,2838.69,2842.47,1465.0644
1763952000,2842.46,2845.8,2839.9,2841.01,871.6485
1763952300,2841.01,2843.71,2830.0,2832.37,1777.8259
1763952600,2832.37,2836.49,2826.31,2835.15,1486.3303
1763952900,2835.15,2840.24,2833.07,2840.24,3809.6884
1763953200,2840.23,2848.29,2839.29,2847.25,5203.7282
1763953500,2847.25,2847.25,2835.99,2836.31,881.3998
1763953800,2836.32,2841.84,2834.91,2840.43,1342.3841
1763954100,2840.43,2859.95,2838.09,2859.46,2653.3663
1763954400,2859.47,2865.0,2852.48,2852.48,5848.2688
1763954700,2852.49,2857.87,2852.1,2857.28,821.6868
1763955000,2857.29,2866.5,2854.91,2859.74,2681.5344
1763955300,2859.74,2863.16,2853.48,2854.9,1214.2992
1763955600,2854.9,2857.99,2852.55,2857.99,971.3958
1763955900,2858.0,2860.34,2851.21,2853.89,852.1384
1763956200,2853.89,2856.82,2851.35,2854.24,1251.4304
1763956500,2854.23,2859.27,2853.85,2856.44,670.122
1763956800,2856.45,2858.8,2853.24,2856.15,1297.224
1763957100,2856.15,2862.15,2855.02,2860.53,765.4501
1763957400,2860.53,2870.29,2858.37,2858.37,3181.9005
1763957700,2858.37,2858.37,2828.15,2828.83,12101.9747
1763958000,2828.82,2829.53,2807.46,2809.68,3974.845
1763958300,2809.68,2814.71,2802.87,2814.34,4550.6967
1763958600,2814.35,2828.0,2813.43,2828.0,2568.949
1763958900,2828.0,2828.0,2820.49,2824.8,1238.4276
1763959200,2824.79,2829.89,2821.97,2827.8,1180.2995
1763959500,2827.81,2830.33,2820.19,2820.44,1083.3114
1763959800,2820.44,2824.5,2818.85,2823.98,784.1371
1763960100,2823.98,2826.86,2823.49,2824.81,949.5654
1763960400,2824.81,2831.0,2822.72,2829.98,1832.568
1763960700,2829.99,2875.07,2829.98,2873.37,8025.3327
1763961000,2873.37,2884.93,2872.46,2879.61,4966.4923
1763961300,2879.61,2885.75,2874.54,2875.67,2351.7263
1763961600,2875.67,2884.85,2875.67,2880.56,2088.4187
1763961900,2880.56,2883.62,2876.78,2877.93,1311.0274
1763962200,2877.93,2878.64,2862.99,2862.99,2463.6989
1763962500,2862.99,2873.29,2862.89,2872.31,1387.7866
1763962800,2872.31,2874.82,2868.07,2869.61,1072.3913
1763963100,2869.6,2871.62,2860.74,2864.05,2008.1578
1763963400,2864.05,2869.56,2862.6,2866.16,1265.759
1763963700,2866.16,2868.07,2862.2,2866.97,1096.3884
1763964000,2866.97,2868.78,2860.86,2861.04,1168.2871
1763964300,2861.04,2861.04,2836.0,2841.1,3889.8223
1763964600,2841.1,2844.8,2837.6,2839.05,1966.1819
1763964900,2839.04,2849.64,2839.04,2846.08,2015.9125
1763965200,2846.09,2846.32,2839.56,2842.12,771.4434
1763965500,2842.13,2842.81,2834.78,2841.31,811.9605
1763965800,2841.31,2841.31,2833.3,2836.58,701.5924
1763966100,2836.58,2844.37,2834.05,2843.47,811.9133
1763966400,2843.48,2845.34,2834.49,2838.03,1884.5921
1763966700,2838.02,2841.5,2834.07,2838.67,4348.4706
1763967000,2838.68,2839.14,2829.19,2837.7,2417.8019
1763967300,2837.7,2840.32,2833.99,2839.43,1224.1833
1763967600,2839.43,2839.43,2828.87,2830.88,1568.2129
1763967900,2830.88,2834.47,2829.0,2834.46,734.3014
1763968200,2834.46,2837.14,2828.86,2832.04,1002.2264
1763968500,2832.03,2836.08,2823.88,2834.82,1544.6481
1763968800,2834.82,2834.94,2825.18,2829.67,780.0521
1763969100,2829.66,2830.0,2826.89,2829.17,652.0429
1763969400,2829.17,2834.77,2826.78,2833.14,1082.0613
1763969700,2833.15,2837.58,2832.37,2837.21,654.0983
1763970000,2837.22,2844.94,2832.71,2843.1,1230.9955
1763970300,2843.11,2844.84,2836.37,2843.11,1195.8055
1763970600,2843.12,2844.0,2837.29,2837.29,606.6295
1763970900,2837.3,2838.02,2828.0,2830.27,2038.1768
1763971200,2830.26,2830.26,2822.0,2823.37,1560.4938
1763971500,2823.37,2828.7,2822.4,2826.11,1580.7214
1763971800,2826.12,2832.0,2825.43,2830.2,1251.406
1763972100,2830.21,2833.22,2826.55,2827.1,4021.0487
1763972400,2827.1,2832.43,2824.52,2829.51,4426.1116
1763972700,2829.51,2829.51,2824.25,2825.59,1323.6196
1763973000,2825.58,2828.23,2822.22,2822.22,1295.5071
1763973300,2822.22,2828.86,2822.22,2826.89,795.2833
1763973600,2826.9,2829.64,2826.19,2828.77,604.8169
1763973900,2828.76,2830.39,2823.73,2829.43,4282.7044
1763974200,2829.43,2832.04,2827.08,2832.03,908.4168
1763974500,2832.04,2843.09,2832.04,2838.99,1375.4178
1763974800,2838.98,2838.98,2829.17,2836.45,1038.8677
1763975100,2836.45,2836.45,2811.42,2813.22,6697.2324
1763975400,2813.21,2819.08,2812.59,2815.44,1225.5918
1763975700,2815.43,2815.87,2805.0,2805.77,5103.8838
1763976000,2805.81,2805.81,2791.3,2795.25,7847.7402
1763976300,2795.25,2797.93,2788.0,2794.55,3289.3656
1763976600,2794.55,2800.5,2791.02,2796.98,1967.1462
1763976900,2796.99,2813.18,2796.79,2809.22,1876.0507
1763977200,2809.22,2809.23,2799.86,2799.99,5768.837
1763977500,2800.0,2803.97,2794.23,2798.3,6837.2935
1763977800,2798.29,2801.19,2795.83,2797.29,1530.6523
1763978100,2797.29,2798.61,2795.12,2797.72,702.6204
1763978400,2797.71,2805.0,2795.28,2803.94,992.6248
1763978700,2803.94,2806.92,2798.42,2801.31,1142.4511
1763979000,2801.3,2801.3,2794.69,2795.84,1092.5971
1763979300,2795.85,2801.16,2795.78,2800.96,591.3464
1763979600,2800.95,2803.45,2797.34,2797.62,632.1274
1763979900,2797.61,2800.81,2794.41,2800.72,972.4465
1763980200,2800.72,2801.12,2793.15,2796.83,1213.4906
1763980500,2796.83,2805.0,2795.68,2803.86,801.5676
1763980800,2803.86,2807.14,2801.73,2801.73,632.7617
1763981100,2801.73,2803.25,2800.31,2802.93,583.3449
1763981400,2802.93,2804.07,2796.86,2797.95,688.4906
1763981700,2797.95,2802.63,2797.95,2799.05,800.8016
1763982000,2799.04,2802.99,2799.0,2801.46,393.0154
1763982300,2801.46,2801.46,2789.7,2795.54,1234.0458
1763982600,2795.55,2800.5,2795.55,2799.49,424.5066
1763982900,2799.49,2801.26,2796.19,2799.1,412.4249
1763983200,2799.09,2799.09,2795.62,2796.92,332.2397
1763983500,2796.92,2797.5,2794.54,2795.26,345.8336
1763983800,2795.26,2801.41,2795.25,2799.28,505.4073
1763984100,2799.28,2808.24,2797.0,2801.4,1172.6419
1763984400,2801.41,2805.84,2799.27,2805.46,757.3287
1763984700,2805.46,2807.14,2803.1,2804.63,786.6273
1763985000,2804.62,2806.0,2800.81,2800.9,1038.3326
1763985300,2800.9,2805.59,2800.89,2803.41,705.726
1763985600,2803.4,2803.4,2797.33,2799.85,4654.1318
1763985900,2799.86,2805.99,2795.11,2798.78,1061.0475
1763986200,2798.78,2798.78,2795.01,2796.6,1035.3436
1763986500,2796.6,2800.92,2796.25,2796.65,638.7893
1763986800,2796.65,2801.73,2796.46,2800.2,551.3674
1763987100,2800.21,2807.56,2800.21,2807.56,777.4368
1763987400,2807.56,2812.02,2807.35,2809.39,1261.5508
1763987700,2809.39,2809.72,2798.56,2800.31,1764.5533
1763988000,2800.3,2802.66,2797.13,2800.5,1089.2175
1763988300,2800.5,2806.7,2799.49,2801.29,1742.2777
1763988600,2801.28,2802.94,2797.86,2801.85,513.4874
1763988900,2801.85,2804.5,2801.84,2803.86,354.7481
1763989200,2803.86,2805.81,2802.33,2805.68,286.3443
1763989500,2805.69,2822.53,2805.69,2819.37,2012.471
1763989800,2819.38,2823.0,2815.43,2817.27,1211.3923
1763990100,2817.28,2818.8,2810.67,2815.06,1088.954
1763990400,2815.06,2815.74,2811.81,2814.06,741.2959
1763990700,2814.06,2821.4,2811.16,2820.36,983.0039
1763991000,2820.37,2821.0,2816.62,2817.27,624.7605
1763991300,2817.28,2830.06,2815.22,2826.1,8904.3746
1763991600,2826.1,2828.12,2822.97,2826.95,2943.5839
1763991900,2826.96,2826.96,2820.1,2821.07,1245.4145
1763992200,2821.07,2825.8,2818.88,2822.55,1100.0826
1763992500,2822.55,2823.44,2814.23,2815.65,4127.2463
1763992800,2815.64,2815.64,2801.05,2809.6,2858.3252
1763993100,2809.6,2810.38,2805.1,2806.61,1180.1667
1763993400,2806.61,2810.21,2805.98,2807.91,636.7516
1763993700,2807.91,2809.44,2803.21,2805.59,936.8447
1763994000,2805.59,2806.75,2801.74,2804.53,478.6504
1763994300,2804.53,2805.34,2797.37,2798.36,963.685
1763994600,2798.36,2841.29,2797.71,2841.0,7782.8207
1763994900,2841.0,2848.63,2821.62,2829.43,5531.3914
1763995200,2829.43,2834.64,2799.07,2803.53,7859.8869
1763995500,2803.52,2813.6,2799.19,2799.37,4352.2832
1763995800,2799.43,2815.86,2785.04,2809.62,14412.2515
1763996100,2809.61,2832.0,2806.53,2832.0,8923.1481
1763996400,2832.0,2840.56,2825.64,2831.65,5593.3231
1763996700,2831.66,2838.48,2826.13,2829.56,3130.5274
1763997000,2829.56,2838.91,2817.34,2833.39,3923.4289
1763997300,2833.35,2835.99,2819.5,2821.04,1493.0246
1763997600,2821.04,2835.21,2818.95,2825.93,1553.8466
1763997900,2825.94,2826.9,2812.61,2822.17,1516.8086
1763998200,2822.15,2844.98,2817.41,2843.68,2471.3472
1763998500,2843.68,2847.28,2835.99,2843.88,2084.4914
1763998800,2843.88,2848.8,2842.43,2846.7,2979.2278
1763999100,2846.71,2860.37,2846.71,2852.85,3888.2974
1763999400,2852.85,2854.46,2839.67,2840.03,2108.7345
1763999700,2840.04,2847.84,2837.71,2846.47,1514.1187
1764000000,2846.47,2863.98,2845.58,2862.3,4011.2777
1764000300,2862.3,2863.53,2843.38,2852.59,9018.4793
1764000600,2852.58,2852.58,2842.82,2844.55,1043.9542
1764000900,2844.55,2857.34,2843.97,2851.94,4399.7776
1764001200,2851.92,2853.52,2847.0,2850.51,1234.6937
1764001500,2850.52,2859.0,2848.47,2850.61,2575.4764
1764001800,2850.6,2857.28,2846.07,2854.36,1671.1758
1764002100,2854.35,2855.5,2849.74,2853.62,1097.3635
1764002400,2853.62,2865.45,2853.6,2864.4,2911.2422
1764002700,2864.4,2874.99,2864.15,2866.13,3449.2039
1764003000,2866.12,2872.07,2858.18,2860.92,5361.6582
1764003300,2860.92,2861.65,2857.99,2858.77,1475.0735
1764003600,2858.77,2865.92,2858.77,2862.75,2460.7569
1764003900,2862.75,2864.62,2857.82,2859.08,2120.6581
1764004200,2859.09,2862.0,2857.9,2858.5,765.5593
1764004500,2858.49,2873.0,2856.57,2873.0,2239.5892
1764004800,2873.0,2893.68,2868.93,2891.26,7451.4561
1764005100,2891.26,2917.42,2890.88,2915.63,9287.7395
1764005400,2915.62,2931.67,2905.19,2921.09,10678.6684
1764005700,2921.09,2927.98,2914.38,2926.73,3729.7463
1764006000,2926.84,2930.51,2917.77,2922.02,4592.3756
1764006300,2922.02,2930.4,2915.76,2929.43,2436.2142
1764006600,2929.42,2934.93,2921.04,2931.52,2459.8361
1764006900,2931.52,2944.03,2929.49,2940.03,7979.7502
1764007200,2940.02,2953.46,2940.02,2942.42,38345.411
1764007500,2942.42,2953.98,2940.0,2945.43,16644.8694
1764007800,2945.44,2954.0,2942.26,2947.56,6545.6954
1764008100,2947.56,2951.87,2944.04,2945.34,10113.3007
1764008400,2945.34,2946.53,2940.03,2941.29,11729.7746
1764008700,2941.3,2941.31,2937.44,2937.82,4842.6068
1764009000,2937.83,2944.41,2930.05,2941.74,3773.6511
1764009300,2941.74,2948.26,2938.56,2947.55,2516.4896
1764009600,2947.55,2948.56,2943.64,2944.75,1310.3049
1764009900,2944.74,2959.71,2944.32,2957.68,3132.4207
1764010200,2957.68,2963.61,2953.0,2954.73,2751.6089
1764010500,2954.73,2957.91,2953.0,2957.53,1904.8388
1764010800,2957.52,2970.8,2955.12,2970.45,2899.8692
1764011100,2970.45,2979.63,2968.66,2972.96,9192.9869
1764011400,2972.96,2972.99,2965.2,2971.53,2136.8488
1764011700,2971.54,2978.27,2969.35,2974.82,1718.901
1764012000,2974.82,2975.48,2965.79,2968.44,1925.5944
1764012300,2968.43,2973.64,2966.81,2973.12,1507.8519
1764012600,2973.13,2977.0,2967.1,2968.86,1699.3026
1764012900,2968.87,2975.59,2966.88,2972.08,1798.5648
1764013200,2972.08,2972.85,2954.04,2958.34,3137.7525
1764013500,2958.34,2961.57,2955.03,2958.65,1276.2304
1764013800,2958.64,2965.48,2956.81,2957.74,1177.4771
1764014100,2957.74,2962.56,2955.99,2959.0,1625.0335
1764014400,2959.0,2965.6,2954.22,2956.53,1393.1693
1764014700,2956.53,2968.27,2952.51,2968.27,2017.1534
1764015000,2968.26,2987.0,2967.17,2976.22,4601.1598
1764015300,2976.22,2982.98,2972.52,2979.19,1529.773
1764015600,2979.19,2982.44,2975.62,2976.86,1282.7656
1764015900,2976.87,2978.92,2970.49,2978.51,1317.0764
1764016200,2978.51,2978.77,2970.84,2974.5,1058.2884
1764016500,2974.49,2979.5,2972.64,2977.12,1600.9182
1764016800,2977.12,2982.0,2973.65,2977.5,2538.6814
1764017100,2977.5,2984.04,2976.87,2981.73,2147.3769
1764017400,2981.74,2983.37,2973.24,2980.65,1900.5097
1764017700,2980.66,2981.28,2969.56,2972.7,1984.5561
1764018000,2972.68,2973.77,2965.33,2969.05,2073.2636
1764018300,2969.05,2971.34,2965.96,2967.45,1208.809
1764018600,2967.45,2970.11,2963.83,2968.21,976.2498
1764018900,2968.2,2969.32,2962.92,2963.42,687.9348
1764019200,2963.42,2968.65,2961.26,2966.71,1967.548
1764019500,2966.71,2967.75,2961.57,2965.86,486.5929
1764019800,2965.86,2973.36,2965.86,2968.36,1244.4783
1764020100,2968.36,2968.37,2961.26,2962.57,744.0322
1764020400,2962.57,2967.78,2955.64,2955.64,1906.5027
1764020700,2955.65,2958.56,2947.77,2956.91,3831.3518
1764021000,2956.92,2961.46,2956.38,2956.62,703.9049
1764021300,2956.62,2963.41,2956.55,2959.18,895.9889
1764021600,2959.18,2965.0,2958.19,2965.0,846.9474
1764021900,2965.0,2980.04,2963.4,2968.8,2363.6311
1764022200,2968.79,2971.1,2967.25,2969.11,634.4406
1764022500,2969.1,2969.47,2961.52,2962.99,681.7059
1764022800,2962.99,2964.71,2956.07,2958.09,893.3926
1764023100,2958.08,2961.83,2956.89,2961.27,565.6862
1764023400,2961.26,2964.35,2958.8,2964.34,451.0525
1764023700,2964.35,2966.22,2959.77,2961.06,346.3241
1764024000,2961.05,2961.5,2957.87,2958.87,354.2218
1764024300,2958.87,2958.88,2954.63,2954.63,564.0757
1764024600,2954.63,2958.51,2952.31,2954.83,674.5753
1764024900,2954.84,2963.72,2954.84,2960.57,1076.0335
1764025200,2960.56,2962.0,2956.31,2958.62,880.8392
1764025500,2958.62,2959.01,2955.72,2956.45,351.8107
1764025800,2956.44,2962.5,2954.81,2961.86,2168.3855
1764026100,2961.86,2968.76,2961.0,2967.82,1090.5125
1764026400,2967.81,2967.82,2963.49,2966.81,905.2391
1764026700,2966.81,2968.04,2965.55,2967.59,543.0427
1764027000,2967.58,2967.58,2963.13,2963.96,1918.8457
1764027300,2963.95,2964.0,2956.67,2956.67,554.6985
1764027600,2956.67,2964.18,2956.49,2963.05,2114.3548
1764027900,2963.05,2963.05,2957.42,2959.64,824.0455
1764028200,2959.64,2959.99,2952.09,2953.3,1686.6167
1764028500,2953.3,2954.72,2952.61,2953.38,479.6612
1764028800,2953.38,2953.38,2941.94,2945.52,2390.146
1764029100,2945.51,2950.23,2943.62,2946.6,1394.5228
1764029400,2946.59,2949.0,2938.61,2939.54,4014.1103
1764029700,2939.53,2941.0,2935.19,2941.0,1963.6803
1764030000,2940.99,2941.26,2933.22,2934.92,1512.4992
1764030300,2934.91,2937.8,2933.4,2934.14,968.047
1764030600,2934.14,2943.88,2931.84,2943.29,727.003
1764030900,2943.29,2948.32,2942.52,2943.52,752.5452
1764031200,2943.52,2950.81,2943.52,2945.9,749.3629
1764031500,2945.9,2950.55,2941.7,2942.4,850.6947
1764031800,2942.4,2947.92,2940.27,2946.52,1235.7642
1764032100,2946.52,2946.52,2941.81,2943.03,637.1052
1764032400,2943.02,2943.85,2935.19,2940.72,788.0845
1764032700,2940.71,2944.61,2936.85,2942.5,475.4494
1764033000,2942.5,2947.92,2940.9,2946.75,862.9993
1764033300,2946.74,2947.0,2938.32,2939.68,636.601
1764033600,2939.69,2946.44,2939.55,2945.96,863.8
1764033900,2945.96,2947.0,2939.23,2940.27,3158.726
1764034200,2940.27,2944.56,2938.83,2940.58,532.6273
1764034500,2940.58,2945.25,2936.81,2937.06,511.8869
1764034800,2937.06,2938.18,2932.44,2937.08,1238.054
1764035100,2937.08,2938.34,2926.15,2926.57,1823.3014
1764035400,2926.56,2928.3,2923.56,2926.27,1122.667
1764035700,2926.28,2928.05,2918.2,2919.27,1399.2407
1764036000,2919.27,2926.54,2910.99,2922.41,3906.9273
1764036300,2922.42,2922.85,2915.55,2917.6,768.8719
1764036600,2917.6,2922.49,2917.11,2918.29,581.4155
1764036900,2918.29,2922.5,2917.99,2920.58,687.6174
1764037200,2920.59,2923.0,2916.24,2916.68,688.685
1764037500,2916.68,2917.59,2911.1,2914.49,2490.3071
1764037800,2914.49,2915.5,2908.7,2914.1,1246.9219
1764038100,2914.1,2917.64,2911.33,2916.12,703.7635
1764038400,2916.11,2925.75,2916.04,2924.2,998.1808
1764038700,2924.19,2930.5,2924.19,2929.52,1077.3225
1764039000,2929.53,2934.48,2926.38,2927.02,975.581
1764039300,2927.03,2931.19,2927.03,2930.71,480.9031
1764039600,2930.71,2930.71,2924.57,2927.42,1217.1703
1764039900,2927.42,2936.29,2925.61,2930.76,1479.7033
1764040200,2930.76,2930.76,2923.16,2924.42,858.9745
1764040500,2924.41,2925.84,2920.43,2923.8,572.2646
1764040800,2923.79,2930.17,2921.54,2929.29,464.0462
1764041100,2929.28,2929.65,2924.35,2926.88,460.8567
1764041400,2926.87,2926.87,2915.44,2915.71,858.073
1764041700,2915.71,2916.5,2908.08,2908.84,1181.6546
1764042000,2908.84,2911.71,2906.83,2911.09,840.2426
1764042300,2911.09,2912.79,2909.44,2910.96,701.1958
1764042600,2910.96,2913.0,2904.39,2912.84,1631.4556
1764042900,2912.74,2913.8,2909.96,2911.99,326.623
1764043200,2911.99,2913.59,2910.01,2913.16,649.3726
1764043500,2913.16,2922.69,2912.87,2920.8,1453.9173
1764043800,2920.79,2924.5,2918.0,2924.32,588.2676
1764044100,2924.31,2925.0,2921.0,2923.21,512.0189
1764044400,2923.22,2925.56,2918.99,2921.83,532.5215
1764044700,2921.84,2930.01,2920.81,2928.15,1232.4774
1764045000,2928.15,2935.45,2927.52,2935.45,1157.1482
1764045300,2935.45,2940.72,2931.49,2934.49,2338.8206
1764045600,2934.49,2934.9,2930.29,2931.92,441.4827
1764045900,2931.91,2934.49,2931.16,2933.28,419.7682
1764046200,2933.27,2943.03,2932.84,2941.46,1489.0422
1764046500,2941.46,2941.46,2937.56,2937.56,669.8935
1764046800,2937.57,2938.57,2934.67,2935.31,990.9851
1764047100,2935.31,2935.31,2928.89,2929.69,998.3882
1764047400,2929.69,2931.5,2928.47,2929.32,1147.6895
1764047700,2929.33,2931.56,2927.06,2931.56,530.4419
1764048000,2931.56,2931.76,2929.58,2930.41,305.4355
1764048300,2930.41,2930.41,2918.47,2921.62,2402.0801
1764048600,2921.62,2931.62,2921.21,2930.36,549.1751
1764048900,2930.36,2932.92,2929.75,2932.68,419.85
1764049200,2932.68,2933.29,2929.73,2932.33,407.98
1764049500,2932.33,2933.81,2930.44,2932.5,423.5222
1764049800,2932.49,2936.89,2932.23,2933.14,766.1785
1764050100,2933.14,2933.14,2928.6,2928.61,606.2615
1764050400,2928.61,2928.61,2924.93,2926.01,1196.5591
1764050700,2926.01,2926.91,2919.86,2926.9,1374.7776
1764051000,2926.9,2926.9,2922.7,2923.4,276.9489
1764051300,2923.4,2925.0,2919.76,2924.08,363.2506
1764051600,2924.07,2924.07,2918.78,2919.15,396.2575
1764051900,2919.15,2919.15,2914.62,2915.69,878.0393
1764052200,2915.68,2921.16,2912.32,2920.55,2319.9258
1764052500,2920.54,2922.52,2918.7,2918.7,382.0927
1764052800,2918.7,2920.17,2914.01,2916.54,800.7184
1764053100,2916.55,2920.17,2915.53,2916.0,497.4721
1764053400,2916.0,2919.8,2913.59,2918.8,535.8595
1764053700,2918.81,2926.99,2918.8,2922.3,1609.7023
1764054000,2922.3,2922.5,2917.1,2918.69,761.044
1764054300,2918.7,2924.31,2916.54,2923.79,308.2226
1764054600,2923.79,2925.45,2922.26,2922.26,424.2273
1764054900,2922.26,2922.26,2915.62,2916.85,369.3502
1764055200,2916.85,2922.38,2916.01,2916.73,412.267
1764055500,2916.73,2916.89,2914.0,2915.11,2908.3299
1764055800,2915.11,2921.41,2915.11,2917.38,724.515
1764056100,2917.38,2919.35,2915.22,2917.45,692.1263
1764056400,2917.44,2920.76,2916.21,2918.1,506.8044
1764056700,2918.05,2918.5,2904.0,2904.0,1960.2631
1764057000,2904.0,2912.5,2903.0,2905.8,2844.6564
1764057300,2905.8,2908.0,2901.75,2902.77,1272.1028
1764057600,2902.77,2905.99,2899.08,2899.99,1956.4099
1764057900,2900.0,2906.28,2900.0,2904.65,1124.6251
1764058200,2904.65,2905.44,2897.8,2898.54,1030.5334
1764058500,2898.53,2905.06,2897.92,2904.29,4573.6936
1764058800,2904.3,2909.18,2904.3,2907.16,644.8584
1764059100,2907.15,2907.88,2902.57,2904.94,751.3381
1764059400,2904.94,2904.95,2894.64,2902.42,1599.1691
1764059700,2902.43,2902.73,2895.53,2896.57,525.9284
1764060000,2896.57,2900.97,2895.61,2897.29,637.5597
1764060300,2897.29,2900.0,2887.5,2891.0,2288.0293
1764060600,2891.0,2892.6,2879.88,2880.0,3052.723
1764060900,2879.99,2880.55,2868.56,2871.7,5573.5015
1764061200,2871.7,2876.34,2868.24,2875.18,2305.2883
1764061500,2875.18,2878.45,2872.55,2874.8,1467.0114
1764061800,2874.8,2875.07,2867.0,2869.41,2489.4867
1764062100,2869.42,2873.24,2865.09,2872.04,1990.7216
1764062400,2872.03,2872.89,2868.0,2868.71,4174.0001
1764062700,2868.71,2871.48,2866.72,2870.77,2688.4026
1764063000,2870.77,2877.84,2870.73,2876.85,4657.6612
1764063300,2876.85,2880.88,2874.38,2878.06,1402.925
1764063600,2878.06,2890.95,2874.74,2888.55,1823.2118
1764063900,2888.54,2892.0,2883.5,2891.23,1370.0539
1764064200,2891.23,2891.23,2884.73,2885.87,1352.7761
1764064500,2885.88,2893.0,2885.88,2891.89,1643.1311
1764064800,2891.89,2891.89,2885.0,2886.01,968.091
1764065100,2886.01,2888.33,2884.57,2886.84,599.8538
1764065400,2886.85,2891.31,2886.1,2887.4,496.8001
1764065700,2887.39,2888.5,2880.09,2880.66,1043.8384
1764066000,2880.67,2891.5,2879.99,2890.34,717.442
1764066300,2890.34,2892.26,2889.46,2890.94,3009.3256
1764066600,2890.94,2898.35,2888.22,2897.63,2606.0359
1764066900,2897.64,2897.64,2891.72,2893.45,871.8658
1764067200,2893.45,2895.83,2892.85,2894.85,489.4454
1764067500,2894.85,2898.21,2892.7,2896.26,931.8145
1764067800,2896.26,2896.74,2893.93,2896.48,1491.9435
1764068100,2896.49,2899.99,2895.0,2898.17,1265.811
1764068400,2898.17,2898.36,2890.18,2890.19,908.2729
1764068700,2890.19,2895.49,2890.0,2894.32,1089.4525
1764069000,2894.33,2896.94,2892.5,2893.73,614.8666
1764069300,2893.73,2899.39,2890.92,2892.44,917.9539
1764069600,2892.43,2894.25,2888.31,2893.13,614.3313
1764069900,2893.13,2894.93,2893.01,2893.88,286.8519
1764070200,2893.88,2893.88,2891.47,2892.75,291.6632
1764070500,2892.75,2897.89,2892.25,2897.34,271.2174
1764070800,2897.34,2898.5,2893.49,2895.37,481.3644
1764071100,2895.36,2896.24,2893.96,2895.38,476.7329
1764071400,2895.38,2897.61,2892.14,2892.45,566.0502
1764071700,2892.45,2892.45,2888.59,2891.01,691.253
1764072000,2891.01,2897.04,2889.88,2895.59,743.8682
1764072300,2895.59,2897.33,2892.5,2896.5,371.9735
1764072600,2896.5,2924.11,2894.88,2921.88,4851.1026
1764072900,2921.87,2923.35,2911.19,2920.43,2625.8137
1764073200,2920.43,2930.36,2918.81,2928.27,2498.9568
1764073500,2928.26,2928.26,2919.37,2920.75,3683.9594
1764073800,2920.74,2921.61,2913.6,2913.69,1289.1285
1764074100,2913.69,2920.49,2913.69,2919.12,1259.4238
1764074400,2919.13,2933.23,2916.07,2927.35,1392.3484
1764074700,2927.35,2930.79,2923.0,2924.82,1211.119
1764075000,2924.82,2928.11,2922.1,2927.82,744.8575
1764075300,2927.83,2930.86,2926.23,2927.14,1121.3213
1764075600,2927.13,2930.82,2923.32,2925.85,995.1639
1764075900,2925.85,2926.32,2919.65,2925.28,1915.6299
1764076200,2925.28,2929.85,2921.75,2928.43,1448.2637
1764076500,2928.47,2934.0,2926.94,2929.73,964.8142
1764076800,2929.74,2931.34,2923.34,2927.8,1237.1486
1764077100,2927.8,2931.29,2926.05,2928.23,1135.9334
1764077400,2928.23,2933.29,2927.48,2930.56,1691.0122
1764077700,2930.56,2930.56,2909.12,2909.97,2637.7455
1764078000,2909.97,2911.87,2904.08,2904.58,1726.3347
1764078300,2904.58,2910.75,2898.84,2909.71,2705.7998
1764078600,2909.71,2913.15,2900.36,2903.18,1365.4928
1764078900,2903.19,2910.48,2902.76,2907.69,2994.5865
1764079200,2907.69,2911.7,2905.23,2910.15,1247.869
1764079500,2910.15,2922.35,2905.62,2906.69,1618.1787
1764079800,2906.68,2913.69,2904.73,2912.51,744.3951
1764080100,2912.5,2917.17,2909.12,2911.12,748.7699
1764080400,2911.12,2916.0,2907.38,2914.31,703.2243
1764080700,2914.3,2917.66,2911.91,2913.41,1299.0253
1764081000,2913.4,2913.4,2898.32,2910.76,2992.5802
1764081300,2910.77,2912.39,2902.66,2905.95,1456.2186
1764081600,2905.92,2906.75,2877.15,2880.51,5684.3417
1764081900,2880.51,2880.51,2858.49,2859.37,7784.769
1764082200,2859.36,2878.5,2857.58,2869.92,5000.4565
1764082500,2869.92,2885.64,2869.92,2881.32,5589.9489
1764082800,2881.3,2881.65,2857.32,2860.48,4680.6575
1764083100,2860.48,2885.62,2857.75,2885.62,3743.6465
1764083400,2885.63,2897.63,2874.8,2877.25,2537.5884
1764083700,2877.24,2885.52,2870.17,2877.67,1844.1574
1764084000,2877.66,2877.68,2865.99,2872.67,2000.8063
1764084300,2872.67,2885.0,2872.6,2884.61,2374.7063
1764084600,2884.62,2910.0,2884.61,2903.65,4265.0982
1764084900,2903.66,2904.23,2894.89,2901.05,1829.8043
1764085200,2901.05,2908.49,2898.23,2907.66,1175.3757
1764085500,2907.67,2915.44,2897.72,2899.33,2666.5678
1764085800,2899.32,2901.74,2895.74,2899.36,893.2903
1764086100,2899.37,2899.45,2889.55,2895.45,1142.2996
1764086400,2895.46,2902.07,2892.99,2900.01,1061.1251
1764086700,2900.0,2900.46,2887.38,2889.91,1059.2854
1764087000,2889.92,2898.76,2889.92,2893.64,653.7146
1764087300,2893.64,2908.5,2890.66,2907.16,970.7535
1764087600,2907.16,2925.27,2906.21,2917.51,2454.8457
1764087900,2917.52,2929.88,2913.87,2929.87,1540.3324
1764088200,2929.88,2938.0,2924.86,2926.33,1752.4381
1764088500,2926.33,2929.35,2917.3,2920.48,2537.2097
1764088800,2920.49,2932.65,2920.49,2925.66,1342.0577
1764089100,2925.66,2928.4,2919.06,2925.77,1104.5024
1764089400,2925.78,2931.3,2924.32,2928.53,1164.6867
1764089700,2928.52,2931.72,2925.0,2929.33,827.9789
1764090000,2929.33,2934.5,2920.37,2920.95,1070.971
1764090300,2920.96,2927.49,2920.96,2927.18,700.0856
1764090600,2927.18,2952.3,2926.45,2948.41,3715.5378
1764090900,2948.42,2949.3,2934.31,2935.78,1625.1789
1764091200,2935.78,2944.33,2935.62,2936.23,963.4782
1764091500,2936.23,2937.93,2929.5,2931.41,2976.4117
1764091800,2931.41,2948.76,2928.45,2947.7,2753.8394
1764092100,2947.7,2950.91,2942.04,2946.94,1600.4436
1764092400,2946.95,2951.36,2942.24,2943.62,1043.5114
1764092700,2943.63,2945.0,2935.99,2941.11,1047.2966
1764093000,2941.12,2948.37,2941.07,2942.11,1055.3042
1764093300,2942.11,2943.06,2936.4,2936.41,837.3733
1764093600,2936.41,2940.0,2935.26,2939.05,571.3312
1764093900,2939.06,2947.52,2939.06,2947.52,1030.3919
1764094200,2947.53,2950.0,2942.96,2945.94,769.1561
1764094500,2946.0,2955.24,2945.33,2954.77,1141.5112
1764094800,2954.77,2958.53,2950.89,2951.34,1287.0837
1764095100,2951.33,2952.23,2946.35,2949.49,992.9447
1764095400,2949.5,2956.36,2949.41,2953.97,1653.9006
1764095700,2953.98,2953.98,2939.34,2941.29,1273.1219
1764096000,2941.29,2944.75,2936.26,2938.36,1336.5237
1764096300,2938.37,2943.5,2937.93,2940.88,647.9716
1764096600,2940.88,2942.17,2932.0,2932.87,3715.5501
1764096900,2932.87,2933.57,2922.95,2924.21,1464.3443
1764097200,2924.2,2928.0,2907.58,2907.59,2275.1327
1764097500,2907.66,2914.99,2895.37,2898.87,6322.0644
1764097800,2898.88,2905.0,2898.43,2903.71,1886.9173
1764098100,2903.72,2904.45,2882.41,2883.29,3888.0462
1764098400,2883.3,2885.31,2872.09,2880.06,3502.6164
1764098700,2880.06,2885.68,2875.49,2885.23,1383.0551
1764099000,2885.22,2893.13,2882.51,2892.37,1702.8139
1764099300,2892.37,2896.23,2887.52,2896.01,1298.6826
1764099600,2896.01,2908.72,2894.47,2908.08,2368.4719
1764099900,2908.07,2908.29,2902.19,2908.01,1251.4546
1764100200,2908.01,2923.4,2908.0,2921.29,1296.0504
1764100500,2921.3,2923.93,2918.0,2922.95,804.3372
1764100800,2922.96,2925.5,2920.49,2923.01,1232.117
1764101100,2923.01,2932.43,2916.66,2926.78,1438.2277
1764101400,2926.79,2935.05,2922.68,2933.49,903.6543
1764101700,2933.5,2937.14,2931.72,2935.68,3974.9432
1764102000,2935.69,2938.09,2926.94,2927.33,761.1749
1764102300,2927.34,2936.49,2926.54,2931.37,1321.0871
1764102600,2931.38,2943.14,2931.17,2932.99,1716.0197
1764102900,2933.0,2937.45,2930.08,2933.99,749.3697
1764103200,2933.99,2935.5,2928.66,2934.0,435.4674
1764103500,2934.0,2939.23,2931.16,2937.66,777.207
1764103800,2937.67,2940.57,2932.65,2934.26,972.4958
1764104100,2934.26,2935.77,2928.67,2929.1,921.0531
1764104400,2929.11,2930.56,2925.75,2928.6,1442.702
1764104700,2928.6,2929.56,2923.23,2926.92,4307.9367
1764105000,2926.91,2931.03,2926.21,2928.95,637.3861
1764105300,2928.96,2940.49,2928.96,2932.49,1024.2669
1764105600,2932.49,2937.68,2931.15,2936.91,407.9173
1764105900,2936.92,2938.99,2936.83,2937.21,440.8165
1764106200,2937.21,2939.69,2931.99,2933.05,607.1567
1764106500,2933.06,2936.45,2932.2,2936.3,347.1948
1764106800,2936.3,2945.66,2936.3,2939.79,792.1017
1764107100,2939.8,2943.44,2937.14,2940.47,448.2361
1764107400,2940.48,2944.37,2936.85,2937.72,400.7037
1764107700,2937.73,2938.46,2930.81,2931.31,694.4317
1764108000,2931.3,2931.3,2910.04,2911.99,5169.6101
1764108300,2912.0,2920.5,2907.49,2919.93,1117.9916
1764108600,2919.93,2919.93,2907.42,2911.98,1088.6955
1764108900,2911.98,2925.51,2910.17,2923.89,1213.0882
1764109200,2923.89,2925.93,2920.91,2925.92,453.5335
1764109500,2925.92,2936.0,2925.92,2931.43,987.7856
1764109800,2931.43,2936.21,2927.9,2934.75,752.7801
1764110100,2934.74,2954.14,2934.74,2953.32,5991.6694
1764110400,2953.31,2957.04,2946.11,2947.85,1068.5867
1764110700,2947.86,2951.5,2942.48,2947.91,693.6563
1764111000,2947.92,2956.47,2947.31,2949.28,625.589
1764111300,2949.27,2978.23,2949.27,2970.42,6588.6679
1764111600,2970.42,2975.94,2959.99,2962.38,3458.5054
1764111900,2962.39,2976.03,2962.2,2975.81,933.7166
1764112200,2975.82,2980.82,2974.3,2976.86,1337.4304
1764112500,2976.87,2976.93,2968.49,2970.18,1091.3223
1764112800,2970.19,2975.48,2963.04,2964.5,1654.2885
1764113100,2964.51,2969.5,2962.38,2962.6,1237.9571
1764113400,2962.61,2968.25,2960.26,2968.25,1312.1951
1764113700,2968.25,2970.67,2962.99,2965.92,954.5549
1764114000,2965.92,2969.08,2964.92,2967.8,618.7551
1764114300,2967.8,2969.95,2959.75,2959.75,1053.0294
1764114600,2959.74,2960.4,2953.67,2956.92,1172.7802
1764114900,2956.92,2962.63,2955.9,2959.36,517.9647
1764115200,2959.36,2962.99,2955.97,2960.18,808.8798
1764115500,2960.18,2961.2,2954.96,2955.56,626.9587
1764115800,2955.56,2957.5,2954.0,2954.49,398.5218
1764116100,2954.49,2963.14,2953.86,2962.82,484.8008
1764116400,2962.83,2971.95,2961.24,2967.96,1085.1836
1764116700,2967.96,2968.47,2955.02,2961.76,662.3397
1764117000,2961.75,2962.33,2954.53,2956.68,344.6042
1764117300,2956.69,2960.16,2950.14,2950.15,877.3865
1764117600,2950.14,2957.8,2949.82,2957.31,4068.5051
1764117900,2957.31,2959.84,2955.0,2957.11,1088.807
1764118200,2957.12,2959.0,2955.01,2955.52,341.5141
1764118500,2955.51,2956.0,2951.64,2954.38,4078.812
1764118800,2954.38,2954.38,2950.9,2950.9,3069.0456
1764119100,2950.9,2953.73,2945.6,2952.58,4524.6271
1764119400,2952.57,2955.97,2950.36,2952.62,629.9695
1764119700,2952.63,2953.99,2950.21,2950.82,515.3631
1764120000,2950.82,2953.22,2950.0,2950.0,593.5815
1764120300,2950.0,2963.19,2950.0,2960.08,1578.0391
1764120600,2960.09,2974.61,2957.98,2966.79,1643.1618
1764120900,2966.8,2973.5,2966.8,2972.98,770.3913
1764121200,2972.98,2984.0,2970.99,2977.59,2587.5263
1764121500,2977.59,2979.9,2968.99,2970.89,845.4768
1764121800,2970.9,2972.5,2968.63,2971.53,351.7074
1764122100,2971.53,2971.53,2965.51,2970.32,550.6621
1764122400,2970.32,2973.22,2968.79,2968.99,408.7303
1764122700,2969.0,2972.03,2967.93,2968.33,580.1599
1764123000,2968.32,2973.83,2968.32,2972.1,695.0263
1764123300,2972.11,2976.5,2970.35,2972.42,1618.3861
1764123600,2972.42,2972.47,2965.49,2966.53,567.7305
1764123900,2966.52,2966.52,2962.18,2964.42,1030.1198
1764124200,2964.41,2965.0,2958.97,2961.92,381.4853
1764124500,2961.92,2967.5,2958.74,2966.94,532.2121
1764124800,2966.94,2970.0,2964.76,2965.08,781.0653
1764125100,2965.09,2965.41,2960.49,2961.26,297.1371
1764125400,2961.26,2963.0,2960.57,2961.93,240.3593
1764125700,2961.93,2962.7,2956.38,2956.8,319.9508
1764126000,2956.8,2957.5,2954.36,2956.36,696.0724
1764126300,2956.36,2958.5,2952.74,2953.29,651.7472
1764126600,2953.29,2956.92,2952.64,2956.36,362.6107
1764126900,2956.37,2960.88,2955.12,2959.82,266.2692
1764127200,2959.81,2964.83,2959.04,2962.65,264.2375
1764127500,2962.64,2963.24,2959.07,2959.8,356.8348
1764127800,2959.74,2959.74,2937.99,2939.69,2179.2473
1764128100,2939.7,2942.99,2938.82,2941.06,1191.7102
1764128400,2941.07,2941.65,2933.52,2936.21,826.5905
1764128700,2936.21,2936.25,2930.0,2934.35,4028.1023
1764129000,2934.36,2934.73,2922.08,2923.29,9351.895
1764129300,2923.29,2928.7,2923.29,2927.2,638.0278
1764129600,2927.19,2933.74,2927.19,2932.59,1408.0133
1764129900,2932.59,2932.59,2922.0,2926.35,1511.4113
1764130200,2926.36,2926.73,2921.11,2923.57,1448.8857
1764130500,2923.58,2927.26,2923.07,2927.22,1000.0779
1764130800,2927.25,2935.24,2927.25,2934.0,1090.838
1764131100,2934.0,2938.44,2931.99,2935.07,1272.8904
1764131400,2935.08,2937.06,2932.22,2933.37,4172.393
1764131700,2933.37,2938.3,2933.1,2938.29,486.273
1764132000,2938.3,2939.69,2933.24,2934.49,711.232
1764132300,2934.49,2935.95,2931.04,2931.11,331.8375
1764132600,2931.12,2933.48,2931.12,2932.0,559.6359
1764132900,2931.99,2932.71,2930.84,2930.87,284.6487
1764133200,2930.87,2932.73,2930.27,2932.53,624.4802
1764133500,2932.52,2939.69,2932.14,2937.87,1045.5205
1764133800,2937.87,2939.16,2935.22,2937.41,534.9287
1764134100,2937.42,2946.41,2936.84,2946.14,1264.4244
1764134400,2946.14,2953.32,2938.01,2938.41,1403.6574
1764134700,2938.42,2941.47,2936.99,2941.31,557.9951
1764135000,2941.3,2946.5,2941.3,2945.02,483.2568
1764135300,2945.03,2947.5,2944.37,2946.87,269.7897
1764135600,2946.86,2948.26,2945.55,2945.56,715.4626
1764135900,2945.56,2946.48,2942.21,2944.99,3276.2585
1764136200,2944.99,2945.5,2941.19,2945.49,651.6713
1764136500,2945.5,2949.08,2942.42,2944.51,1402.5999
1764136800,2944.51,2948.36,2942.14,2947.54,782.354
1764137100,2947.54,2954.67,2946.21,2953.01,785.2606
1764137400,2953.01,2953.01,2945.99,2949.97,880.2504
1764137700,2949.97,2951.41,2935.29,2937.85,1390.9807
1764138000,2937.85,2941.69,2935.35,2939.83,671.1754
1764138300,2939.82,2941.01,2937.91,2939.46,540.5013
1764138600,2939.46,2939.46,2932.25,2934.05,1584.4594
1764138900,2934.05,2941.5,2934.04,2940.37,628.2584
1764139200,2940.38,2944.38,2940.37,2944.37,540.8939
1764139500,2944.38,2945.0,2938.51,2941.47,816.7722
1764139800,2941.48,2948.74,2941.09,2947.5,1307.0788
1764140100,2947.5,2948.84,2946.23,2946.38,681.5323
1764140400,2946.38,2948.63,2941.99,2942.41,703.0173
1764140700,2942.41,2943.6,2939.38,2942.35,386.2555
1764141000,2942.35,2942.36,2939.85,2940.97,521.521
1764141300,2940.97,2947.66,2940.34,2944.07,903.8752
1764141600,2944.07,2949.6,2942.26,2946.96,668.3981
1764141900,2946.95,2946.95,2942.63,2946.01,319.1
1764142200,2946.0,2946.04,2941.71,2945.44,672.4615
1764142500,2945.44,2945.45,2939.7,2939.7,467.1944
1764142800,2939.7,2939.92,2935.32,2937.82,486.8515
1764143100,2937.81,2942.57,2936.1,2940.97,588.4865
1764143400,2940.96,2940.97,2936.84,2937.44,316.7469
1764143700,2937.45,2945.24,2936.49,2944.52,718.7675
1764144000,2944.52,2949.27,2939.52,2940.15,1022.6315
1764144300,2940.14,2940.14,2935.93,2936.71,492.9852
1764144600,2936.71,2937.32,2930.07,2932.3,1688.6673
1764144900,2932.3,2936.73,2928.33,2929.23,1274.0862
1764145200,2929.23,2930.72,2927.58,2927.77,937.5914
1764145500,2927.77,2928.0,2923.37,2924.73,1068.9723
1764145800,2924.74,2927.93,2923.32,2923.5,610.1937
1764146100,2923.5,2923.5,2915.0,2919.37,1471.059
1764146400,2919.38,2921.78,2919.38,2920.05,384.4229
1764146700,2920.06,2921.78,2916.0,2921.11,815.5263
1764147000,2921.11,2921.14,2914.24,2915.22,572.1486
1764147300,2915.21,2915.21,2912.0,2913.04,557.0633
1764147600,2913.03,2916.75,2910.07,2915.6,973.82
1764147900,2915.6,2915.91,2908.42,2908.61,869.0647
1764148200,2908.61,2917.54,2908.31,2916.36,1217.8114
1764148500,2916.35,2916.49,2910.94,2915.6,621.3112
1764148800,2915.6,2915.88,2910.0,2914.4,769.3181
1764149100,2914.39,2915.88,2911.15,2911.43,876.8953
1764149400,2911.43,2914.37,2903.01,2904.15,1576.3921
1764149700,2904.14,2909.41,2903.14,2907.7,1037.8383
1764150000,2907.71,2911.41,2906.86,2909.25,534.0509
1764150300,2909.25,2909.75,2905.2,2905.37,731.9986
1764150600,2905.38,2907.43,2902.12,2902.33,1525.8465
1764150900,2902.33,2907.22,2902.32,2907.21,843.4809
1764151200,2907.21,2917.88,2907.21,2916.86,1129.013
1764151500,2916.85,2917.0,2912.65,2912.71,742.2589
1764151800,2912.71,2915.5,2912.17,2912.85,631.25
1764152100,2912.84,2913.68,2908.39,2911.24,905.4898
1764152400,2911.23,2911.24,2905.84,2908.75,1796.4156
1764152700,2908.75,2916.92,2908.75,2915.15,867.2298
1764153000,2915.15,2915.41,2908.18,2909.27,716.887
1764153300,2909.27,2910.46,2905.71,2908.85,873.9886
1764153600,2908.85,2913.96,2908.85,2912.52,495.4956
1764153900,2912.51,2913.0,2910.17,2912.68,678.981
1764154200,2912.68,2915.71,2911.43,2914.85,552.4301
1764154500,2914.84,2915.57,2914.0,2914.22,297.5935
1764154800,2914.22,2914.22,2909.47,2910.42,1749.1446
1764155100,2910.42,2915.7,2909.86,2913.81,610.2523
1764155400,2913.82,2917.99,2913.81,2916.2,426.4546
1764155700,2916.2,2917.14,2912.12,2914.06,480.5084
1764156000,2914.06,2915.35,2913.26,2913.26,387.4206
1764156300,2913.26,2914.96,2910.15,2910.79,462.7526
1764156600,2910.79,2911.68,2907.5,2909.25,876.9452
1764156900,2909.25,2912.42,2908.56,2910.2,319.6991
1764157200,2910.2,2915.48,2909.78,2914.62,363.0002
1764157500,2914.61,2916.0,2910.07,2910.07,319.627
1764157800,2910.07,2914.19,2910.01,2913.26,422.34
1764158100,2913.26,2914.5,2912.05,2914.0,276.9407
1764158400,2913.99,2917.99,2895.23,2897.56,5083.9525
1764158700,2897.56,2900.76,2890.59,2896.6,2024.7196
1764159000,2896.61,2901.52,2892.56,2892.73,1338.2655
1764159300,2892.74,2897.03,2890.04,2892.34,869.5606
1764159600,2892.34,2900.0,2888.69,2899.0,945.3766
1764159900,2898.99,2902.45,2898.07,2900.89,642.482
1764160200,2900.88,2901.07,2897.51,2898.36,308.4267
1764160500,2898.36,2902.87,2897.53,2899.59,487.2045
1764160800,2899.59,2904.5,2897.67,2901.13,565.9478
1764161100,2901.13,2904.0,2900.07,2902.32,590.0485
1764161400,2902.32,2903.96,2901.0,2902.47,297.8992
1764161700,2902.48,2903.72,2901.54,2901.6,217.478
1764162000,2901.6,2903.99,2899.72,2902.47,787.8424
1764162300,2902.47,2907.31,2902.46,2904.45,533.1221
1764162600,2904.45,2906.16,2902.55,2903.24,370.3503
1764162900,2903.23,2914.43,2902.59,2912.71,1390.0363
1764163200,2912.7,2915.99,2911.51,2913.54,468.3898
1764163500,2913.53,2916.28,2912.9,2913.9,676.3591
1764163800,2913.89,2919.89,2908.04,2910.28,1455.3249
1764164100,2910.27,2925.99,2910.27,2925.13,1625.8168
1764164400,2925.13,2931.62,2921.58,2923.93,2810.4608
1764164700,2923.92,2927.95,2922.51,2925.81,659.2863
1764165000,2925.81,2931.61,2924.5,2927.26,1186.7664
1764165300,2927.27,2936.65,2926.49,2934.25,1725.8866
1764165600,2934.26,2934.26,2925.37,2928.76,2616.6298
1764165900,2928.76,2930.21,2924.56,2925.06,896.1316
1764166200,2925.07,2937.69,2920.73,2933.81,2996.475
1764166500,2933.81,2934.06,2927.95,2929.41,1055.7884
1764166800,2929.4,2937.68,2926.25,2935.19,1653.717
1764167100,2935.2,2939.2,2933.1,2934.67,702.9355
1764167400,2934.67,2940.22,2922.59,2927.45,2292.9128
1764167700,2927.46,2936.48,2927.46,2934.64,1194.317
1764168000,2934.68,2947.4,2929.99,2932.86,2212.5582
1764168300,2932.87,2944.01,2931.1,2943.9,845.1129
1764168600,2943.91,2947.32,2923.68,2923.68,2719.2382
1764168900,2923.67,2926.0,2905.17,2910.8,4633.5286
1764169200,2910.79,2925.52,2907.54,2919.14,3118.6509
1764169500,2919.14,2931.99,2914.25,2930.33,1768.9098
1764169800,2930.33,2933.8,2925.01,2927.56,1107.8679
1764170100,2927.56,2936.88,2919.51,2928.6,1451.4547
1764170400,2928.61,2929.26,2920.28,2922.98,969.9369
1764170700,2922.98,2939.55,2922.67,2936.29,1139.4229
1764171000,2936.29,2938.73,2929.49,2929.64,1086.7587
1764171300,2929.65,2936.88,2929.65,2930.99,1057.8225
1764171600,2930.99,2934.36,2921.0,2921.22,1682.6951
1764171900,2921.23,2921.23,2909.59,2915.89,2246.9897
1764172200,2915.88,2924.0,2912.93,2920.77,942.505
1764172500,2920.77,2928.31,2915.06,2927.41,2156.3365
1764172800,2927.4,2942.97,2926.37,2941.14,3165.506
1764173100,2941.15,2946.1,2937.14,2939.62,1428.3933
1764173400,2939.63,2944.99,2939.63,2944.52,1908.6984
1764173700,2944.52,2957.51,2944.52,2947.52,2979.1354
1764174000,2947.53,2954.37,2947.53,2953.49,1240.3591
1764174300,2953.49,2957.26,2943.49,2944.3,1671.4728
1764174600,2944.3,2954.53,2941.96,2954.53,2038.9365
1764174900,2954.53,2959.5,2953.0,2954.21,3962.0476
1764175200,2954.2,2954.2,2945.6,2949.0,2379.3223
1764175500,2949.01,2951.13,2942.63,2943.86,6633.9115
1764175800,2943.86,2944.5,2935.3,2938.74,1841.9443
1764176100,2938.75,2950.38,2938.75,2946.25,1459.8804
1764176400,2946.25,2953.69,2940.82,2943.5,1414.5004
1764176700,2943.5,2950.0,2943.49,2946.42,774.4086
1764177000,2946.43,2950.5,2944.31,2944.32,579.3677
1764177300,2944.31,2946.34,2939.23,2939.64,675.6017
1764177600,2939.64,2952.0,2939.23,2951.96,1036.7064
1764177900,2951.96,2979.7,2951.51,2975.85,6824.9048
1764178200,2975.84,3007.5,2971.9,3003.66,10851.7006
1764178500,3003.66,3013.0,3001.45,3006.06,4423.3005
1764178800,3006.07,3015.48,3004.45,3014.2,3259.773
1764179100,3014.19,3034.87,3013.81,3026.42,5962.6825
1764179400,3026.43,3027.19,3011.14,3016.86,3895.4131
1764179700,3016.84,3033.2,3014.85,3026.89,2502.8667
1764180000,3026.88,3034.34,3026.0,3031.14,2639.5118
1764180300,3031.15,3042.93,3023.31,3029.93,5383.2544
1764180600,3029.92,3040.0,3026.96,3038.65,1840.0374
1764180900,3038.65,3045.0,3036.6,3039.28,2164.731
1764181200,3039.29,3039.67,3031.18,3035.55,2396.8417
1764181500,3035.55,3042.0,3034.49,3038.33,2009.8229
1764181800,3038.32,3039.99,3028.35,3028.81,2115.9649
1764182100,3028.82,3032.88,3020.18,3022.47,2448.9088
1764182400,3022.47,3030.0,3013.93,3016.97,2159.9644
1764182700,3016.96,3028.29,3015.27,3028.06,1199.9268
1764183000,3028.07,3030.86,3023.17,3027.04,1219.743
1764183300,3027.04,3035.06,3025.77,3034.22,1430.9732
1764183600,3034.22,3036.13,3023.31,3023.58,1443.6132
1764183900,3023.58,3030.49,3023.02,3025.99,751.5374
1764184200,3025.99,3027.75,3018.52,3020.32,1411.8886
1764184500,3020.32,3028.0,3017.79,3026.97,960.9769
1764184800,3026.96,3029.99,3022.22,3023.01,1087.5434
1764185100,3023.01,3028.0,3022.18,3026.26,763.5559
1764185400,3026.26,3033.89,3026.26,3032.09,1097.1603
1764185700,3032.08,3032.7,3026.79,3031.86,867.4398
1764186000,3031.86,3038.0,3030.62,3033.28,933.3369
1764186300,3033.28,3035.01,3029.69,3030.78,1494.1259
1764186600,3030.79,3038.41,3030.4,3034.13,840.7746
1764186900,3034.12,3037.5,3031.19,3032.28,891.7756
1764187200,3032.28,3032.28,3019.68,3019.69,1213.1375
1764187500,3019.69,3019.69,3009.45,3015.72,1458.1312
1764187800,3015.68,3025.92,3015.68,3023.66,1062.3529
1764188100,3023.67,3025.36,3017.28,3017.53,780.2144
1764188400,3017.53,3021.75,3015.15,3021.75,713.2661
1764188700,3021.75,3024.15,3020.07,3021.51,747.1797
1764189000,3021.51,3024.89,3015.58,3017.75,915.3946
1764189300,3017.75,3021.62,3016.12,3019.25,536.4833
1764189600,3019.24,3020.99,3010.88,3011.39,792.5828
1764189900,3011.38,3013.93,3008.53,3013.68,741.7376
1764190200,3013.67,3025.22,3012.1,3023.72,1033.4704
1764190500,3023.73,3028.19,3023.18,3024.86,1199.121
1764190800,3024.85,3027.44,3022.37,3024.01,781.1046
1764191100,3024.02,3024.02,3018.62,3021.5,791.4139
1764191400,3021.5,3021.5,3017.59,3017.6,517.2476
1764191700,3017.59,3023.18,3016.97,3017.29,500.9704
1764192000,3017.28,3025.77,3015.9,3024.97,655.3839
1764192300,3024.97,3032.28,3024.6,3031.53,1280.0851
1764192600,3031.52,3035.91,3026.38,3026.38,1046.6098
1764192900,3026.39,3031.4,3026.39,3026.58,641.0432
1764193200,3026.58,3027.97,3025.0,3025.97,670.2591
1764193500,3025.97,3033.03,3025.97,3031.61,545.8581
1764193800,3031.61,3032.44,3027.19,3028.43,309.3821
1764194100,3028.43,3028.61,3020.51,3021.7,888.3507
1764194400,3021.7,3022.47,3018.89,3020.04,658.3846
1764194700,3020.05,3027.19,3018.59,3026.07,557.2093
1764195000,3026.07,3033.6,3023.21,3025.14,1129.2034
1764195300,3025.13,3028.45,3023.87,3028.13,439.9338
1764195600,3028.13,3030.87,3019.22,3019.96,693.3735
1764195900,3019.97,3025.15,3018.81,3023.37,504.7719
1764196200,3023.38,3033.52,3020.0,3027.18,1284.9982
1764196500,3027.19,3027.19,3025.49,3025.78,333.4774
1764196800,3025.78,3025.78,3021.98,3021.99,837.0996
1764197100,3021.98,3025.46,3021.98,3023.76,671.1538
1764197400,3023.75,3023.83,3021.21,3023.16,430.6694
1764197700,3023.16,3030.0,3022.88,3027.88,630.4071
1764198000,3027.87,3031.09,3024.97,3031.08,1946.0185
1764198300,3031.09,3033.47,3027.7,3028.59,702.986
1764198600,3028.59,3031.33,3027.0,3027.41,859.7051
1764198900,3027.41,3027.41,3022.62,3023.21,1009.9883
1764199200,3023.21,3027.7,3023.21,3026.15,427.2964
1764199500,3026.15,3026.15,3018.07,3018.58,1412.6943
1764199800,3018.59,3021.67,3017.26,3020.49,845.148
1764200100,3020.48,3023.18,3019.37,3020.36,515.1441
1764200400,3020.35,3023.18,3020.35,3021.1,389.3564
1764200700,3021.09,3027.48,3020.69,3027.11,984.6185
1764201000,3027.11,3029.85,3023.68,3028.44,1132.176
1764201300,3028.44,3028.5,3026.56,3026.56,727.55
1764201600,3026.56,3028.19,3020.4,3020.91,947.7474
1764201900,3020.91,3020.91,3016.1,3016.86,1122.2773
1764202200,3016.87,3018.66,3004.61,3012.4,2755.2337
1764202500,3012.41,3018.0,3009.5,3017.71,1155.7757
1764202800,3017.7,3017.7,3013.0,3015.3,470.166
1764203100,3015.31,3017.58,3014.39,3016.86,440.3727
1764203400,3016.86,3020.1,3014.98,3020.1,353.9261
1764203700,3020.09,3022.2,3018.54,3020.62,498.7339
1764204000,3020.62,3025.0,3020.62,3023.15,572.5056
1764204300,3023.15,3048.0,3021.55,3045.14,6477.0677
1764204600,3045.14,3047.44,3034.4,3038.88,1926.5939
1764204900,3038.87,3040.05,3034.49,3035.59,1094.2845
1764205200,3035.59,3048.05,3031.65,3046.5,1854.1962
1764205500,3046.5,3050.71,3040.95,3045.4,2158.8644
1764205800,3045.39,3045.39,3034.11,3036.46,1736.7629
1764206100,3036.46,3038.88,3032.09,3032.92,1111.3833
1764206400,3032.91,3032.91,3028.06,3030.66,993.7333
1764206700,3030.66,3035.42,3030.66,3032.81,774.8326
1764207000,3032.81,3034.23,3029.84,3034.23,779.9516
1764207300,3034.23,3035.51,3032.75,3033.05,379.2094
1764207600,3033.05,3040.0,3033.05,3039.99,468.1498
1764207900,3040.0,3040.0,3036.37,3036.9,468.6155
1764208200,3036.91,3040.38,3035.07,3037.95,855.977
1764208500,3037.96,3057.3,3037.96,3052.6,3898.7184
1764208800,3052.6,3054.32,3041.53,3043.47,1262.0143
1764209100,3043.47,3051.8,3041.88,3050.18,1982.8616
1764209400,3050.17,3053.0,3046.65,3047.75,1361.068
1764209700,3047.76,3054.15,3045.92,3051.11,996.2447
1764210000,3051.11,3066.38,3051.1,3058.47,3542.5666
1764210300,3058.48,3067.79,3058.47,3067.47,1751.9626
1764210600,3067.47,3071.37,3061.94,3062.21,3615.001
1764210900,3062.21,3064.41,3057.38,3063.09,1114.9822
1764211200,3063.09,3069.69,3061.02,3067.2,1330.6975
1764211500,3067.19,3068.6,3050.2,3052.37,4259.1847
1764211800,3052.37,3053.79,3039.37,3040.22,4192.4883
1764212100,3040.23,3042.27,3036.78,3037.46,2290.8158
1764212400,3037.46,3042.0,3035.91,3039.44,824.0276
1764212700,3039.44,3047.17,3036.04,3043.68,925.1612
1764213000,3043.67,3044.69,3041.22,3043.01,766.6492
1764213300,3043.01,3051.31,3041.01,3048.9,785.5603
1764213600,3048.91,3052.0,3047.69,3049.83,1145.1528
1764213900,3049.84,3050.0,3045.2,3046.22,939.667
1764214200,3046.22,3046.22,3037.89,3038.4,1455.9738
1764214500,3038.41,3042.61,3037.27,3037.41,759.1933
1764214800,3037.42,3039.01,3030.14,3033.09,2536.4144
1764215100,3033.09,3034.95,3030.1,3033.62,998.4752
1764215400,3033.63,3035.12,3033.0,3034.15,623.9827
1764215700,3034.14,3037.66,3032.05,3033.53,801.3597
1764216000,3033.53,3035.49,3031.76,3034.22,514.7607
1764216300,3034.23,3040.93,3033.73,3040.51,748.5713
1764216600,3040.51,3050.32,3040.51,3048.69,1336.5637
1764216900,3048.69,3053.98,3043.23,3043.26,1335.5194
1764217200,3043.26,3043.66,3041.11,3042.3,904.8738
1764217500,3042.34,3045.53,3037.63,3038.89,825.7437
1764217800,3038.89,3038.89,3036.16,3037.47,546.78
1764218100,3037.47,3045.86,3037.46,3044.34,418.1753
1764218400,3044.34,3044.35,3041.64,3041.86,275.0817
1764218700,3041.86,3043.64,3041.38,3042.03,432.5183
1764219000,3042.02,3042.02,3039.41,3040.77,279.8824
1764219300,3040.76,3041.91,3040.1,3041.4,315.2638
1764219600,3041.4,3043.36,3038.0,3041.52,423.4238
1764219900,3041.52,3045.8,3036.35,3037.07,444.1387
1764220200,3037.06,3039.23,3035.05,3037.41,584.3727
1764220500,3037.42,3037.42,3033.66,3034.98,600.132
1764220800,3034.99,3043.05,3034.98,3041.41,744.5382
1764221100,3041.41,3042.69,3038.02,3038.57,324.3371
1764221400,3038.56,3038.56,3032.21,3035.08,1145.8913
1764221700,3035.08,3035.08,3020.0,3024.22,3870.4571
1764222000,3024.22,3024.22,3020.15,3023.44,939.2733
1764222300,3023.43,3026.44,3022.63,3024.53,712.12
1764222600,3024.52,3028.0,3022.55,3022.95,711.7537
1764222900,3022.95,3024.75,3017.45,3023.49,2023.2146
1764223200,3023.49,3026.31,3023.12,3025.48,383.4297
1764223500,3025.49,3027.82,3022.75,3027.81,597.0509
1764223800,3027.82,3030.94,3027.82,3029.94,448.5957
1764224100,3029.93,3030.95,3025.14,3025.27,765.9917
1764224400,3025.28,3028.81,3025.27,3028.81,513.0474
1764224700,3028.81,3034.02,3028.81,3033.23,563.5515
1764225000,3033.23,3033.32,3030.08,3030.75,486.5583
1764225300,3030.76,3034.5,3029.5,3030.72,444.9737
1764225600,3030.71,3031.38,3028.0,3030.77,488.3677
1764225900,3030.76,3032.16,3029.18,3029.19,498.1748
1764226200,3029.19,3029.19,3023.51,3026.42,703.9383
1764226500,3026.42,3028.82,3026.41,3028.04,579.5817
1764226800,3028.04,3029.3,3025.86,3026.33,574.0969
1764227100,3026.33,3030.0,3026.33,3029.76,223.6893
1764227400,3029.77,3031.5,3029.62,3029.95,287.0748
1764227700,3029.95,3034.22,3028.82,3033.71,335.2284
1764228000,3033.7,3033.7,3032.43,3032.44,235.4442
1764228300,3032.44,3036.34,3032.43,3034.2,415.2703
1764228600,3034.19,3034.19,3027.7,3031.83,836.4068
1764228900,3031.83,3032.2,3028.12,3031.37,780.6671
1764229200,3031.36,3031.36,3028.81,3029.57,423.7264
1764229500,3029.56,3033.23,3028.0,3032.71,390.1337
1764229800,3032.7,3035.56,3030.43,3030.75,2146.92
1764230100,3030.74,3034.3,3030.74,3033.9,420.5248
1764230400,3033.89,3035.53,3030.07,3030.36,410.1307
1764230700,3030.37,3032.11,3027.9,3027.9,734.6626
1764231000,3027.9,3028.25,3020.69,3021.58,1257.0137
1764231300,3021.59,3024.07,3021.58,3022.95,966.2463
1764231600,3022.96,3024.44,3022.0,3023.71,965.4076
1764231900,3023.71,3026.79,3022.62,3022.93,656.2174
1764232200,3022.93,3023.0,3017.78,3020.96,1013.1246
1764232500,3020.95,3027.86,3020.94,3025.93,389.5369
1764232800,3025.93,3025.93,3023.08,3024.2,679.2441
1764233100,3024.2,3026.34,3022.75,3024.39,1074.9217
1764233400,3024.38,3028.31,3024.38,3027.48,517.7692
1764233700,3027.48,3028.42,3027.16,3028.18,585.9926
1764234000,3028.17,3029.5,3025.46,3026.39,919.6831
1764234300,3026.4,3028.9,3025.79,3026.5,470.2568
1764234600,3026.51,3027.94,3026.5,3026.93,625.9882
1764234900,3026.92,3037.72,3026.85,3037.72,1491.7176
1764235200,3037.72,3039.5,3032.56,3033.38,1131.979
1764235500,3033.38,3035.11,3029.52,3030.74,1570.9798
1764235800,3030.74,3042.09,3030.74,3038.94,978.4628
1764236100,3038.95,3044.73,3038.21,3038.92,1086.0032
1764236400,3038.93,3039.55,3035.44,3035.67,514.9124
1764236700,3035.67,3035.68,3032.19,3032.7,942.4307
1764237000,3032.71,3032.71,3030.16,3031.02,349.9641
1764237300,3031.02,3031.5,3027.24,3027.93,669.9297
1764237600,3027.93,3029.63,3027.22,3029.54,591.5841
1764237900,3029.54,3032.46,3028.6,3030.9,805.2155
1764238200,3030.91,3031.0,3026.72,3029.59,767.7534
1764238500,3029.58,3032.89,3028.64,3032.6,413.4529
1764238800,3032.6,3035.42,3032.21,3034.96,370.1247
1764239100,3034.96,3034.96,3032.18,3032.18,381.8733
1764239400,3032.18,3033.98,3023.06,3024.14,1072.5389
1764239700,3024.14,3025.92,3021.89,3025.9,507.9507
1764240000,3025.89,3031.84,3025.78,3031.73,413.4242
1764240300,3031.72,3032.88,3029.41,3031.14,350.3615
1764240600,3031.15,3034.46,3030.76,3034.06,400.124
1764240900,3034.06,3036.1,3033.35,3034.69,461.1127
1764241200,3034.69,3036.17,3033.78,3035.04,348.7672
1764241500,3035.05,3035.81,3030.0,3030.41,245.9659
1764241800,3030.42,3033.15,3030.0,3032.86,272.3427
1764242100,3032.85,3033.32,3030.74,3030.85,337.3343
1764242400,3030.84,3030.85,3027.93,3028.18,545.4817
1764242700,3028.17,3029.43,3027.94,3028.37,351.1659
1764243000,3028.38,3030.92,3023.46,3028.5,984.9968
1764243300,3028.5,3032.47,3027.91,3031.56,515.8058
1764243600,3031.56,3031.56,3030.19,3031.09,142.6926
1764243900,3031.1,3032.2,3028.72,3029.24,312.8375
1764244200,3029.24,3030.1,3028.51,3029.99,261.8428
1764244500,3029.98,3030.61,3028.53,3028.54,494.1791
1764244800,3028.54,3030.4,3025.8,3028.07,706.401
1764245100,3028.08,3030.49,3023.85,3026.03,794.8193
1764245400,3026.02,3028.81,3025.56,3025.57,508.1437
1764245700,3025.57,3025.7,3019.11,3020.43,1258.8774
1764246000,3020.43,3021.04,3010.01,3016.11,3385.8322
1764246300,3016.11,3017.08,3013.12,3014.1,1072.5316
1764246600,3014.1,3016.98,3010.55,3012.73,972.6101
1764246900,3012.73,3012.73,3008.32,3011.2,2337.3423
1764247200,3011.2,3011.2,3006.59,3007.68,1276.6748
1764247500,3007.69,3010.53,3006.35,3007.71,813.0456
1764247800,3007.71,3007.71,2993.99,2996.72,3739.4551
1764248100,2996.73,2996.73,2988.66,2991.3,2953.8007
1764248400,2991.3,2998.49,2989.5,2996.43,1561.7551
1764248700,2996.44,3001.0,2991.34,2997.49,1429.2417
1764249000,2997.5,2998.17,2993.18,2997.96,1093.2568
1764249300,2997.95,3000.0,2988.05,2992.25,1845.3214
1764249600,2992.25,2995.99,2988.24,2993.91,1308.6031
1764249900,2993.92,3002.01,2993.42,3000.39,2039.1692
1764250200,3000.39,3001.31,2991.1,2991.1,3588.4094
1764250500,2991.11,3001.86,2990.14,2996.57,1512.3283
1764250800,2996.56,2999.06,2995.3,2996.0,1243.9586
1764251100,2996.0,2998.97,2992.78,2995.87,1257.9655
1764251400,2995.87,3000.98,2995.46,2999.8,1426.5006
1764251700,2999.81,3000.2,2994.55,2995.34,1279.5292
1764252000,2995.34,2997.49,2993.61,2995.81,875.8191
1764252300,2995.81,2998.99,2993.33,2996.24,1138.4661
1764252600,2996.23,2996.28,2993.8,2995.54,521.5947
1764252900,2995.54,2995.55,2986.04,2987.11,1573.1116
1764253200,2987.1,2991.88,2985.78,2988.52,783.1832
1764253500,2988.52,2999.29,2988.52,2998.19,1421.4763
1764253800,2998.18,2999.36,2995.07,2995.42,1069.2082
1764254100,2995.41,2995.41,2989.15,2989.15,1235.7407
1764254400,2989.14,2996.75,2987.19,2993.06,1381.9394
1764254700,2993.06,2995.99,2990.5,2994.86,831.2809
1764255000,2994.86,2999.42,2993.93,2996.5,678.7065
1764255300,2996.5,2998.44,2994.99,2996.32,621.7234
1764255600,2996.33,3009.24,2995.35,3008.8,1690.9403
1764255900,3008.81,3009.78,2990.42,2993.75,2065.6523
1764256200,2993.76,2994.81,2990.73,2992.66,951.0134
1764256500,2992.66,3005.0,2992.65,3000.1,959.4948
1764256800,3000.11,3006.85,2999.34,3002.75,1173.5672
1764257100,3002.75,3006.88,3002.51,3004.64,768.3426
1764257400,3004.64,3005.9,3000.0,3002.1,1108.313
1764257700,3002.11,3008.61,3002.11,3002.73,785.8644
1764258000,3002.73,3005.14,2998.78,3004.84,940.4659
1764258300,3004.85,3013.1,3004.19,3010.96,1930.9313
1764258600,3010.96,3014.66,3010.0,3013.01,1205.1496
1764258900,3013.01,3013.15,3010.0,3010.97,508.8618
1764259200,3010.97,3015.67,3010.2,3011.1,1502.0658
1764259500,3011.1,3011.53,3004.83,3006.26,3286.698
1764259800,3006.26,3025.71,3005.33,3021.18,2705.4784
1764260100,3021.17,3026.48,3017.26,3020.33,1506.6892
1764260400,3020.33,3025.23,3017.75,3019.17,1511.4554
1764260700,3019.18,3020.19,3015.69,3017.02,481.8875
1764261000,3017.03,3022.6,3015.02,3018.09,831.0284
1764261300,3018.09,3025.67,3018.08,3025.18,935.7561
1764261600,3025.19,3027.17,3019.1,3019.49,919.5776
1764261900,3019.5,3021.95,3017.26,3017.84,407.6604
1764262200,3017.83,3021.7,3017.26,3021.69,566.125
1764262500,3021.69,3022.86,3019.9,3021.03,699.982
1764262800,3021.04,3022.59,3018.2,3019.53,1147.0442
1764263100,3019.53,3020.49,3016.22,3019.79,456.4077
1764263400,3019.79,3020.87,3017.55,3017.55,478.4823
1764263700,3017.54,3022.74,3017.5,3017.94,580.6377
1764264000,3017.93,3024.24,3017.93,3020.52,802.3428
1764264300,3020.52,3023.07,3015.87,3016.56,770.6903
1764264600,3016.56,3021.26,3013.15,3020.96,1463.6744
1764264900,3020.96,3022.03,3013.7,3014.7,576.2789
1764265200,3014.69,3016.3,3013.68,3015.85,638.8518
1764265500,3015.84,3019.11,3014.85,3016.06,372.1803
1764265800,3016.06,3019.47,3015.87,3019.47,370.2987
1764266100,3019.48,3020.51,3018.72,3020.03,464.5064
1764266400,3020.02,3020.41,3017.8,3017.8,893.7201
1764266700,3017.8,3023.9,3016.46,3021.36,1233.903
1764267000,3021.37,3023.04,3019.5,3022.1,348.2935
1764267300,3022.09,3029.01,3021.18,3026.22,1345.3467
1764267600,3026.15,3028.44,3021.59,3025.07,550.5651
1764267900,3025.08,3027.59,3021.4,3022.98,574.5486
1764268200,3022.97,3024.0,3021.14,3023.99,392.4022
1764268500,3024.0,3034.91,3024.0,3033.41,2328.3457
1764268800,3033.42,3038.5,3032.4,3034.61,1203.1912
1764269100,3034.6,3038.13,3031.83,3036.24,540.4219
1764269400,3036.25,3038.28,3034.18,3037.51,1005.4107
1764269700,3037.52,3039.99,3036.5,3037.9,643.7461
1764270000,3037.89,3037.89,3032.59,3033.37,698.0368
1764270300,3033.37,3034.76,3029.5,3034.27,707.4085
1764270600,3034.26,3035.23,3032.4,3032.91,646.7166
1764270900,3032.91,3033.77,3029.36,3031.18,566.5666
1764271200,3031.19,3034.0,3029.67,3031.3,517.5433
1764271500,3031.29,3032.12,3030.01,3030.49,393.207
1764271800,3030.49,3033.22,3027.6,3028.44,577.1497
1764272100,3028.45,3033.84,3027.24,3032.77,1106.9345
1764272400,3032.77,3036.76,3032.23,3035.88,927.8475
1764272700,3035.87,3036.26,3030.4,3031.27,646.5474
1764273000,3031.28,3031.94,3027.81,3031.47,337.2178
1764273300,3031.46,3032.08,3030.5,3032.02,274.0265
1764273600,3032.01,3036.09,3030.36,3031.53,716.1996
1764273900,3031.53,3037.33,3031.53,3036.84,448.9244
1764274200,3036.83,3040.01,3033.64,3038.02,752.6221
1764274500,3038.03,3039.48,3035.81,3038.82,408.024
1764274800,3038.81,3039.0,3035.02,3037.06,540.4751
1764275100,3037.06,3038.27,3035.65,3037.23,383.8516
1764275400,3037.29,3042.45,3036.08,3041.34,1127.5824
1764275700,3041.34,3044.44,3036.36,3039.31,574.7282
1764276000,3039.32,3043.15,3039.29,3042.11,403.8599
1764276300,3042.1,3043.88,3039.82,3040.62,354.2274
1764276600,3040.62,3043.57,3040.62,3042.87,182.0736
1764276900,3042.88,3042.88,3037.82,3038.93,516.7847
1764277200,3038.93,3038.93,3033.32,3034.4,411.7214
1764277500,3034.39,3039.03,3030.09,3038.15,1062.7244
1764277800,3038.15,3038.59,3036.08,3037.97,286.0026
1764278100,3037.98,3043.97,3036.08,3043.24,478.0515
1764278400,3043.23,3043.24,3037.3,3037.37,623.7402
1764278700,3037.36,3039.01,3036.69,3038.8,121.5349
1764279000,3038.8,3041.25,3035.03,3038.09,706.8866
1764279300,3038.1,3041.1,3038.09,3041.1,268.5425
1764279600,3041.1,3041.77,3038.14,3038.15,110.445
1764279900,3038.15,3041.97,3036.71,3037.39,315.119
1764280200,3037.38,3037.39,3034.49,3035.38,331.0359
1764280500,3035.37,3036.6,3031.83,3032.36,2050.221
1764280800,3032.36,3034.0,3031.07,3033.49,449.4194
1764281100,3033.49,3034.0,3028.67,3030.59,360.9875
1764281400,3030.6,3031.29,3029.25,3031.12,479.664
1764281700,3031.13,3034.2,3030.53,3034.01,165.7444
1764282000,3034.0,3034.0,3027.88,3029.24,607.7538
1764282300,3029.23,3032.3,3029.23,3032.3,239.7831
1764282600,3032.3,3034.5,3027.58,3028.03,852.7539
1764282900,3028.03,3028.21,3024.64,3025.79,292.9924
1764283200,3025.79,3025.85,3011.22,3012.4,1989.2489
1764283500,3012.4,3017.58,3003.88,3013.03,1585.1422
1764283800,3013.02,3013.03,3004.77,3006.86,2580.4673
1764284100,3006.85,3012.88,3006.8,3010.92,545.666
1764284400,3010.91,3017.82,3010.32,3016.33,835.4024
1764284700,3016.33,3018.4,3012.59,3015.36,291.1421
1764285000,3015.36,3019.99,3013.57,3019.84,589.8358
1764285300,3019.85,3023.3,3017.0,3017.84,555.3892
1764285600,3017.83,3018.5,3012.93,3013.99,439.2594
1764285900,3013.98,3013.98,3011.09,3012.61,347.2522
1764286200,3012.61,3014.17,3007.71,3009.21,483.8876
1764286500,3009.21,3014.9,3009.21,3014.89,395.2502
1764286800,3014.89,3017.73,3014.86,3016.85,351.1305
1764287100,3016.84,3017.88,3014.52,3015.93,337.7555
1764287400,3015.92,3018.15,3015.24,3016.28,253.5288
1764287700,3016.27,3016.88,3013.89,3015.23,306.3281
1764288000,3015.23,3016.24,3011.38,3013.41,685.0012
1764288300,3013.42,3018.02,3012.59,3015.73,555.4802
1764288600,3015.74,3015.74,3013.0,3013.5,400.2572
1764288900,3013.51,3014.65,3009.09,3011.01,3882.5993
1764289200,3011.03,3016.55,3011.03,3013.9,467.636
1764289500,3013.91,3017.73,3013.91,3016.05,256.7772
1764289800,3016.05,3022.49,3016.04,3021.77,622.4086
1764290100,3021.77,3023.97,3016.06,3017.39,576.7611
1764290400,3017.4,3017.45,3013.0,3013.3,406.5017
1764290700,3013.29,3014.85,3010.51,3010.52,319.2939
1764291000,3010.52,3012.99,3010.0,3011.5,1544.3036
1764291300,3011.51,3014.62,3011.5,3014.62,347.3893
1764291600,3014.61,3016.0,3011.0,3011.0,304.6721
1764291900,3011.0,3017.01,3010.99,3011.66,616.0955
1764292200,3011.66,3011.66,2996.0,2999.2,4603.402
1764292500,2999.19,3003.99,2995.19,2996.33,1059.14
1764292800,2996.34,3004.36,2996.33,3003.54,640.126
1764293100,3003.53,3004.68,3001.47,3001.76,408.4381
1764293400,3001.75,3004.68,2996.27,3004.65,1211.1746
1764293700,3004.66,3008.3,3004.66,3007.1,463.1784
1764294000,3007.09,3009.41,3000.93,3004.05,707.9859
1764294300,3004.05,3004.49,2999.18,2999.46,598.6726
1764294600,2999.47,3000.47,2994.36,2996.41,1131.0939
1764294900,2996.41,3000.17,2996.31,2998.41,766.9136
1764295200,2998.42,3002.5,2997.65,2997.67,482.836
1764295500,2997.66,3002.01,2996.41,3000.27,767.4379
1764295800,3000.27,3003.89,2996.93,3003.73,754.164
1764296100,3003.72,3008.74,2996.79,3000.58,1179.3655
1764296400,3000.58,3005.01,3000.58,3004.5,713.8521
1764296700,3004.5,3005.34,2998.83,2999.28,612.1522
1764297000,2999.28,3004.15,2999.28,3002.77,912.774
1764297300,3002.78,3005.86,3002.77,3004.95,596.8346
1764297600,3004.95,3005.73,3002.12,3004.67,570.7654
1764297900,3004.67,3007.41,3004.08,3006.54,582.0153
1764298200,3006.55,3010.62,3004.66,3009.47,703.8814
1764298500,3009.47,3015.3,3009.47,3012.63,967.2296
1764298800,3012.63,3013.08,3009.37,3009.43,491.3181
1764299100,3009.43,3013.36,3008.11,3011.92,408.4361
1764299400,3011.92,3015.08,3003.9,3005.39,1622.6143
1764299700,3005.4,3007.58,3002.32,3006.88,1096.668
1764300000,3006.88,3010.99,3006.87,3007.5,513.3279
1764300300,3007.5,3010.44,3006.37,3009.54,560.965
1764300600,3009.54,3012.23,3007.05,3010.66,596.0249
1764300900,3010.66,3011.77,3008.27,3008.28,447.781
1764301200,3008.28,3008.28,3005.25,3007.15,433.2292
1764301500,3007.16,3007.94,3006.79,3007.33,200.5324
1764301800,3007.34,3009.17,3006.86,3008.8,150.9838
1764302100,3008.8,3010.05,3008.48,3008.63,374.1868
1764302400,3008.64,3010.59,3005.7,3008.32,866.1053
1764302700,3008.31,3012.01,3006.82,3011.96,757.4
1764303000,3011.96,3018.46,3011.28,3015.89,1075.702
1764303300,3015.9,3018.0,3014.48,3014.86,592.1588
1764303600,3014.86,3015.21,3013.14,3013.73,413.9813
1764303900,3013.72,3015.8,3013.06,3014.5,187.4763
1764304200,3014.5,3018.47,3013.49,3017.21,384.6123
1764304500,3017.21,3019.63,3013.0,3014.43,711.2414
1764304800,3014.44,3015.6,3014.36,3015.13,335.9943
1764305100,3015.13,3016.56,3013.15,3014.09,346.8836
1764305400,3014.09,3018.0,3013.96,3017.4,352.5509
1764305700,3017.4,3019.0,3017.39,3017.4,334.2335
1764306000,3017.4,3018.15,3015.21,3016.82,478.1492
1764306300,3016.82,3027.2,3016.55,3024.61,1590.5863
1764306600,3024.61,3028.45,3022.65,3028.44,1117.0416
1764306900,3028.44,3028.94,3022.79,3022.79,956.2224
1764307200,3022.79,3025.45,3021.62,3023.05,880.2013
1764307500,3023.04,3024.92,3022.53,3024.26,413.2429
1764307800,3024.25,3026.91,3019.13,3021.0,1050.5713
1764308100,3021.01,3022.79,3020.69,3021.24,448.4914
1764308400,3021.24,3023.61,3020.51,3023.6,341.1544
1764308700,3023.61,3027.15,3022.74,3023.08,1028.0202
1764309000,3023.09,3028.47,3023.09,3025.85,850.9373
1764309300,3025.85,3026.51,3023.69,3024.47,226.7125
1764309600,3024.46,3024.47,3019.2,3020.77,827.0626
1764309900,3020.77,3022.73,3019.69,3021.91,379.619
1764310200,3021.92,3023.77,3018.16,3019.25,866.2144
1764310500,3019.25,3020.49,3016.07,3016.29,426.0632
1764310800,3016.29,3017.6,3015.14,3015.98,632.6404
1764311100,3015.98,3015.99,3010.0,3011.32,704.7746
1764311400,3011.31,3013.87,3011.31,3011.82,431.7565
1764311700,3011.82,3011.82,3003.35,3008.37,1619.1493
1764312000,3008.37,3014.2,3007.95,3011.0,769.3494
1764312300,3011.01,3011.07,3008.44,3009.54,312.6763
1764312600,3009.55,3014.24,3009.55,3011.04,826.2204
1764312900,3011.05,3013.0,3010.0,3010.01,776.5944
1764313200,3010.01,3014.44,3008.63,3013.14,565.9754
1764313500,3013.15,3016.61,3012.78,3015.73,917.256
1764313800,3015.73,3016.51,3015.43,3015.97,226.475
1764314100,3015.96,3017.81,3013.6,3014.44,448.4722
1764314400,3014.44,3018.27,3013.43,3017.39,234.1015
1764314700,3017.39,3023.13,3017.38,3021.6,3365.9176
1764315000,3021.61,3021.61,3016.55,3016.56,3171.2623
1764315300,3016.56,3018.06,3010.34,3011.86,1172.3898
1764315600,3011.86,3013.2,3005.89,3010.52,3207.3342
1764315900,3010.52,3011.37,3004.59,3005.61,1195.4656
1764316200,3005.61,3006.87,3003.0,3004.61,3776.1902
1764316500,3004.62,3005.08,3000.7,3001.91,963.5044
1764316800,3001.9,3005.3,3001.59,3005.11,679.1518
1764317100,3005.1,3009.24,3004.0,3009.24,1177.9241
1764317400,3009.24,3022.23,3009.24,3016.81,1736.8486
1764317700,3016.8,3021.0,3014.04,3015.0,846.7712
1764318000,3014.99,3020.76,3014.99,3020.41,3371.3043
1764318300,3020.41,3020.73,3017.44,3018.13,430.2262
1764318600,3018.12,3018.33,3015.35,3017.81,663.4307
1764318900,3017.81,3028.82,3017.81,3023.65,2035.7827
1764319200,3023.65,3024.15,3021.18,3023.01,437.5097
1764319500,3023.01,3027.6,3022.63,3026.63,1096.6693
1764319800,3026.64,3077.77,3026.63,3061.93,24109.0832
1764320100,3061.92,3065.84,3052.15,3065.24,3127.7723
1764320400,3065.24,3068.8,3055.1,3058.49,2317.9802
1764320700,3058.5,3065.78,3058.49,3065.48,1210.0123
1764321000,3065.47,3072.99,3060.19,3062.39,1304.2691
1764321300,3062.39,3064.23,3056.1,3060.44,1366.205
1764321600,3060.44,3063.57,3057.58,3058.2,1092.1825
1764321900,3058.19,3060.0,3057.45,3060.0,589.8142
1764322200,3060.0,3060.38,3054.68,3055.06,1061.7137
1764322500,3055.07,3059.5,3052.41,3052.74,617.6162
1764322800,3052.73,3053.61,3048.51,3052.66,945.8025
1764323100,3052.65,3057.44,3052.65,3055.43,743.0133
1764323400,3055.42,3056.41,3053.22,3055.42,464.4628
1764323700,3055.41,3055.41,3051.66,3055.27,491.4674
1764324000,3055.27,3056.83,3051.64,3052.3,601.1935
1764324300,3052.29,3052.31,3050.0,3050.33,331.5918
1764324600,3050.33,3052.31,3049.44,3050.09,328.2118
1764324900,3050.09,3052.44,3047.24,3052.32,706.4804
1764325200,3052.34,3055.87,3052.34,3054.68,751.0991
1764325500,3054.67,3054.68,3050.51,3050.87,692.6015
1764325800,3050.86,3056.59,3049.65,3052.67,1004.5612
1764326100,3052.67,3053.63,3050.66,3053.32,379.1677
1764326400,3053.32,3054.47,3052.06,3052.06,274.6929
1764326700,3052.06,3053.49,3050.1,3051.03,468.4524
1764327000,3051.04,3060.77,3050.11,3059.12,1289.1952
1764327300,3059.12,3063.69,3059.04,3060.96,1339.077
1764327600,3060.97,3062.27,3053.52,3054.34,974.7072
1764327900,3054.35,3054.72,3051.64,3052.82,606.9477
1764328200,3052.83,3053.52,3034.4,3034.4,3421.5436
1764328500,3034.4,3034.41,3018.14,3025.63,3912.9257
1764328800,3025.64,3030.99,3024.53,3027.19,1049.8251
1764329100,3027.19,3033.28,3026.57,3030.61,545.1902
1764329400,3030.61,3033.57,3029.28,3030.68,448.0038
1764329700,3030.68,3034.5,3029.28,3030.06,494.8002
1764330000,3030.06,3035.7,3028.15,3029.67,788.7189
1764330300,3029.67,3035.39,3029.66,3031.77,837.4988
1764330600,3031.78,3033.92,3029.5,3033.29,658.2732
1764330900,3033.29,3038.0,3033.03,3034.02,647.1787
1764331200,3034.02,3042.95,3033.3,3039.11,1264.1421
1764331500,3039.12,3046.4,3038.01,3043.48,1506.2464
1764331800,3043.49,3043.49,3037.75,3039.05,655.5814
1764332100,3039.06,3040.26,3035.57,3039.7,357.9934
1764332400,3039.7,3041.5,3037.88,3037.94,626.5835
1764332700,3037.95,3037.95,3035.44,3036.47,229.9155
1764333000,3036.47,3040.04,3032.55,3039.63,457.5041
1764333300,3039.64,3041.32,3037.16,3038.0,559.8419
1764333600,3038.0,3041.07,3037.18,3037.19,381.4474
1764333900,3037.18,3038.99,3034.89,3036.06,378.2696
1764334200,3036.06,3039.0,3036.06,3038.28,301.4215
1764334500,3038.27,3039.47,3035.55,3036.08,412.2099
1764334800,3036.08,3037.04,3033.37,3034.99,604.3685
1764335100,3034.99,3036.52,3026.32,3028.41,1112.3101
1764335400,3028.41,3031.43,3026.97,3031.09,693.0441
1764335700,3031.09,3033.78,3028.68,3032.55,448.3782
1764336000,3032.55,3036.25,3032.17,3034.81,527.9537
1764336300,3034.81,3036.11,3034.8,3035.75,291.1275
1764336600,3035.75,3040.41,3033.82,3040.11,1102.2705
1764336900,3040.11,3057.66,3040.11,3054.53,3692.9927
1764337200,3054.53,3060.71,3051.82,3054.97,1195.4485
1764337500,3054.97,3087.67,3054.96,3074.49,7511.4793
1764337800,3074.49,3074.49,3065.5,3069.2,1717.8165
1764338100,3069.21,3076.5,3068.01,3073.91,1200.7483
1764338400,3073.91,3079.0,3070.15,3074.5,1436.9621
1764338700,3074.49,3076.78,3070.85,3072.49,862.1338
1764339000,3072.48,3072.48,3064.19,3070.78,1438.2443
1764339300,3070.78,3078.28,3070.25,3072.15,1602.2831
1764339600,3072.15,3084.0,3071.86,3079.42,2054.6451
1764339900,3079.39,3095.36,3079.39,3092.36,5981.3451
1764340200,3092.36,3099.0,3071.68,3075.37,5247.6416
1764340500,3075.38,3075.96,3062.44,3063.65,2625.6284
1764340800,3063.65,3065.32,3052.02,3055.74,3091.357
1764341100,3055.75,3068.37,3052.06,3066.46,3632.6943
1764341400,3066.45,3070.89,3063.5,3064.87,1497.4095
1764341700,3064.87,3067.69,3061.61,3067.38,1051.8431
1764342000,3067.38,3071.03,3056.26,3062.59,1977.9281
1764342300,3062.59,3066.35,3055.63,3056.27,2375.4863
1764342600,3056.28,3069.12,3056.28,3067.12,1672.1003
1764342900,3067.12,3077.33,3064.61,3076.64,2431.937
1764343200,3076.64,3085.34,3076.58,3084.32,2333.431
1764343500,3084.31,3085.3,3077.63,3083.87,1886.3178
1764343800,3083.87,3089.29,3079.47,3089.0,1438.1437
1764344100,3089.01,3092.0,3074.38,3077.25,1932.6856
1764344400,3077.26,3077.81,3068.53,3070.73,1970.8215
1764344700,3070.72,3070.73,3063.25,3068.53,2521.8824
1764345000,3068.53,3074.56,3060.15,3073.39,2368.2561
1764345300,3073.39,3077.97,3070.4,3073.77,2305.3292
1764345600,3073.78,3074.4,3061.49,3064.42,1858.9245
1764345900,3064.41,3065.08,3054.72,3056.12,2342.599
1764346200,3056.13,3060.27,3052.61,3058.16,1405.3737
1764346500,3058.16,3061.0,3056.92,3059.65,1263.7612
1764346800,3059.64,3059.64,3030.38,3036.35,5930.4603
1764347100,3036.34,3041.02,3027.02,3029.52,4191.273
1764347400,3029.52,3035.42,3021.6,3034.61,3272.2631
1764347700,3034.6,3037.29,3031.34,3033.89,2391.9439
1764348000,3033.89,3036.54,3028.55,3036.53,1259.1432
1764348300,3036.53,3039.35,3031.22,3034.41,1043.8264
1764348600,3034.4,3036.2,3027.53,3034.54,2002.3662
1764348900,3034.55,3034.55,3025.01,3025.59,1667.42
1764349200,3025.6,3026.52,3017.21,3022.27,3918.9333
1764349500,3022.27,3031.21,3022.26,3028.96,1225.1881
1764349800,3028.95,3030.26,3017.72,3018.59,1498.1846
1764350100,3018.59,3023.78,3011.22,3019.96,2714.5181
1764350400,3019.97,3023.0,3017.73,3021.61,1209.9247
1764350700,3021.61,3025.35,3015.73,3017.7,1117.4416
1764351000,3017.69,3021.95,3015.12,3020.92,1794.4042
1764351300,3020.91,3024.68,3017.57,3019.46,1496.4951
1764351600,3019.46,3023.98,3016.68,3023.06,4113.6591
1764351900,3023.06,3039.31,3022.86,3030.95,2475.8021
1764352200,3030.95,3040.31,3030.95,3036.23,2035.5147
1764352500,3036.21,3044.25,3026.1,3034.78,4156.2193
1764352800,3034.76,3039.08,3024.41,3030.22,2357.0002
1764353100,3030.22,3037.5,3024.74,3036.82,1157.0827
1764353400,3036.82,3049.01,3035.89,3046.66,1530.9969
1764353700,3046.65,3048.15,3040.5,3041.88,1273.0209
1764354000,3041.89,3044.37,3032.54,3034.57,1480.3088
1764354300,3034.56,3037.6,3034.56,3037.17,605.0464
1764354600,3037.17,3039.06,3031.2,3032.22,1210.0043
1764354900,3032.23,3039.86,3030.72,3038.36,495.4179
1764355200,3038.35,3041.1,3036.35,3039.95,931.8104
1764355500,3039.95,3044.34,3039.46,3043.42,677.2924
1764355800,3043.41,3043.42,3034.32,3034.32,596.8527
1764356100,3034.33,3043.2,3033.94,3042.61,979.7017
1764356400,3042.6,3043.93,3041.49,3041.49,691.1068
1764356700,3041.49,3045.49,3038.39,3038.7,441.5707
1764357000,3038.7,3043.15,3037.5,3042.97,314.1983
1764357300,3042.97,3042.98,3038.39,3041.91,802.3315
1764357600,3041.9,3055.2,3041.06,3054.84,2448.9793
1764357900,3054.84,3056.76,3052.04,3053.85,741.6427
1764358200,3053.85,3055.92,3049.68,3051.16,602.8912
1764358500,3051.17,3060.0,3050.41,3057.06,1470.1706
1764358800,3057.06,3057.52,3052.5,3052.5,532.6973
1764359100,3052.5,3052.71,3048.9,3049.56,511.4905
1764359400,3049.56,3050.42,3047.66,3049.18,1075.5617
1764359700,3049.18,3051.24,3047.98,3050.0,434.2116
1764360000,3049.99,3049.99,3039.49,3040.41,754.2838
1764360300,3040.42,3041.37,3036.05,3040.44,499.7769
1764360600,3040.45,3043.94,3040.44,3043.61,380.7425
1764360900,3043.62,3054.51,3041.09,3053.35,1160.8097
1764361200,3053.34,3056.7,3050.77,3054.73,942.914
1764361500,3054.73,3055.0,3051.7,3053.76,842.8853
1764361800,3053.77,3056.55,3051.37,3052.0,565.2456
1764362100,3052.0,3055.34,3051.59,3054.94,261.7204
1764362400,3054.95,3054.99,3052.64,3053.21,347.0364
1764362700,3053.22,3056.26,3048.8,3055.06,1163.9528
1764363000,3055.06,3057.82,3054.2,3054.29,814.1068
1764363300,3054.3,3057.45,3053.22,3056.38,573.0036
1764363600,3056.38,3059.48,3056.26,3056.94,708.1292
1764363900,3056.93,3057.9,3053.48,3053.87,372.3756
1764364200,3053.87,3054.3,3051.24,3053.2,601.5027
1764364500,3053.19,3053.24,3044.42,3044.43,1475.0892
1764364800,3044.42,3046.95,3043.57,3046.79,401.9772
1764365100,3046.8,3048.96,3045.84,3048.77,436.6886
1764365400,3048.77,3049.23,3045.34,3045.83,419.7313
1764365700,3045.83,3047.05,3044.57,3046.11,330.1658
1764366000,3046.1,3053.19,3046.1,3050.82,502.6317
1764366300,3050.82,3050.82,3046.8,3047.45,231.3039
1764366600,3047.46,3048.42,3039.05,3039.49,556.9779
1764366900,3039.49,3040.5,3036.13,3036.55,525.4596
1764367200,3036.56,3037.31,3027.09,3031.97,1744.7443
1764367500,3031.98,3040.44,3031.97,3034.38,1024.3012
1764367800,3034.38,3037.21,3028.6,3028.61,812.7099
1764368100,3028.6,3029.36,3020.57,3026.66,1673.5587
1764368400,3026.66,3029.3,3025.01,3025.65,413.4831
1764368700,3025.66,3034.56,3025.66,3031.55,825.5134
1764369000,3031.56,3034.99,3030.25,3034.99,282.7691
1764369300,3035.0,3039.55,3034.59,3035.95,579.3171
1764369600,3035.95,3037.17,3034.03,3037.16,231.6908
1764369900,3037.16,3039.72,3034.01,3038.0,309.3501
1764370200,3038.0,3042.84,3037.0,3040.41,315.7826
1764370500,3040.42,3041.01,3037.06,3039.53,333.1536
1764370800,3039.54,3045.31,3039.37,3044.93,834.115
1764371100,3044.93,3045.53,3037.45,3038.38,647.515
1764371400,3038.4,3042.96,3038.4,3041.55,216.4538
1764371700,3041.55,3042.26,3036.69,3037.63,785.0329
1764372000,3037.62,3039.37,3037.41,3038.15,217.8842
1764372300,3038.15,3039.4,3037.04,3037.36,140.5336
1764372600,3037.36,3037.65,3033.06,3035.82,291.6469
1764372900,3035.82,3037.37,3033.17,3034.45,264.0387
1764373200,3034.45,3035.38,3032.56,3034.51,210.9293
1764373500,3034.52,3034.52,3030.3,3032.29,228.6715
1764373800,3032.29,3034.92,3032.29,3033.34,107.644
1764374100,3033.33,3033.34,3031.14,3031.15,204.2867
1764374400,3031.14,3036.24,3030.15,3036.24,694.2162
1764374700,3036.23,3036.75,3033.95,3033.95,235.9535
1764375000,3033.94,3035.0,3031.22,3034.23,404.7702
1764375300,3034.24,3035.95,3029.94,3031.02,239.7597
1764375600,3031.02,3038.28,3031.01,3037.54,329.5636
1764375900,3037.55,3037.55,3033.01,3036.5,238.0222
1764376200,3036.49,3036.87,3030.01,3031.64,338.5766
1764376500,3031.64,3037.47,3030.61,3035.05,284.818
1764376800,3035.05,3037.94,3033.45,3037.07,320.2964
1764377100,3037.06,3039.07,3035.13,3036.32,935.8766
1764377400,3036.32,3036.9,3032.85,3033.97,730.347
1764377700,3033.97,3036.32,3033.91,3035.95,336.3312
1764378000,3035.94,3039.08,3035.0,3037.01,760.2175
1764378300,3037.01,3041.33,3035.54,3040.63,493.8294
1764378600,3040.64,3048.67,3040.44,3048.07,1417.5222
1764378900,3048.06,3052.64,3043.93,3043.94,931.16
1764379200,3043.94,3048.0,3043.93,3046.89,232.7046
1764379500,3046.9,3046.9,3038.19,3039.17,645.737
1764379800,3039.16,3039.5,3036.63,3039.44,422.563
1764380100,3039.45,3040.68,3034.62,3034.62,251.3379
1764380400,3034.6,3037.2,3032.35,3035.88,376.0399
1764380700,3035.89,3037.18,3035.13,3036.4,223.136
1764381000,3036.4,3037.51,3033.66,3037.29,357.3936
1764381300,3037.28,3039.33,3037.28,3038.51,181.1588
1764381600,3038.51,3039.94,3035.61,3035.62,210.0135
1764381900,3035.62,3036.5,3034.26,3036.35,232.8239
1764382200,3036.36,3038.0,3035.93,3037.73,282.1646
1764382500,3037.73,3040.27,3037.73,3039.54,469.6198
1764382800,3039.54,3040.27,3037.69,3040.22,491.1636
1764383100,3040.23,3040.23,3033.46,3033.46,403.6013
1764383400,3033.45,3035.95,3026.23,3026.23,1233.8927
1764383700,3026.23,3027.7,3023.58,3027.2,695.916
1764384000,3027.21,3029.18,3027.2,3028.1,530.9068
1764384300,3028.1,3028.3,3024.71,3026.72,461.7666
1764384600,3026.71,3029.85,3026.71,3028.59,851.0534
1764384900,3028.59,3032.05,3028.59,3030.51,505.2669
1764385200,3030.51,3034.5,3029.67,3034.5,436.4216
1764385500,3034.5,3036.0,3033.22,3033.41,537.6849
1764385800,3033.41,3033.5,3030.88,3031.06,301.5027
1764386100,3031.06,3032.0,3028.63,3030.3,556.2818
1764386400,3030.3,3032.38,3027.06,3027.13,661.5921
1764386700,3027.13,3027.33,3024.43,3024.43,453.8165
1764387000,3024.43,3025.1,3017.73,3020.04,2488.0678
1764387300,3020.04,3023.38,3018.4,3022.26,490.6521
1764387600,3022.27,3024.17,3021.2,3022.09,249.7428
1764387900,3022.1,3023.32,3021.07,3023.31,209.5128
1764388200,3023.32,3023.78,3022.8,3023.37,230.6743
1764388500,3023.37,3023.96,3022.22,3022.6,189.8765
1764388800,3022.61,3025.06,3022.2,3024.48,492.7493
1764389100,3024.48,3024.81,3020.31,3020.38,515.4028
1764389400,3020.38,3021.5,3020.0,3021.01,187.8477
1764389700,3021.02,3023.47,3020.31,3020.55,379.6927
1764390000,3020.55,3022.8,3020.1,3021.77,229.3068
1764390300,3021.78,3029.95,3021.77,3029.03,917.8592
1764390600,3029.03,3032.85,3029.03,3031.18,758.1262
1764390900,3031.19,3034.2,3031.04,3031.06,366.7581
1764391200,3031.06,3032.0,3030.41,3031.21,177.7734
1764391500,3031.22,3033.95,3031.22,3033.49,276.9507
1764391800,3033.49,3035.42,3033.49,3034.92,502.0218
1764392100,3034.91,3045.6,3033.5,3041.04,1572.2564
1764392400,3041.01,3041.34,3036.62,3036.63,303.8647
1764392700,3036.63,3038.0,3036.53,3037.18,103.4173
1764393000,3037.18,3037.18,3036.32,3036.33,138.6877
1764393300,3036.33,3039.14,3036.32,3039.14,166.142
1764393600,3039.13,3040.45,3036.62,3038.31,339.1564
1764393900,3038.31,3040.31,3038.31,3040.13,251.7965
1764394200,3040.13,3040.55,3035.79,3035.99,310.6833
1764394500,3035.99,3043.26,3035.99,3039.34,3277.1465
1764394800,3039.33,3039.33,3036.68,3036.69,365.5637
1764395100,3036.69,3037.3,3035.2,3035.21,190.1883
1764395400,3035.21,3035.21,3031.4,3032.29,323.9444
1764395700,3032.29,3033.22,3032.27,3033.21,69.8295
1764396000,3033.21,3033.91,3032.27,3032.53,147.0627
1764396300,3032.53,3036.01,3032.29,3036.01,196.7292
1764396600,3036.07,3038.45,3036.07,3036.5,281.3536
1764396900,3036.49,3036.98,3032.5,3032.51,253.0441
1764397200,3032.51,3032.51,3014.49,3015.15,4807.9582
1764397500,3015.16,3018.24,3013.99,3014.72,1243.308
1764397800,3014.72,3017.09,2992.5,2998.13,9505.7529
1764398100,2998.13,3007.5,2996.83,3003.33,1972.3743
1764398400,3003.33,3008.88,3003.16,3006.88,689.1643
1764398700,3006.88,3010.2,3004.95,3008.28,606.8466
1764399000,3008.28,3008.88,3002.52,3004.86,1378.3428
1764399300,3004.86,3009.38,3004.85,3007.64,815.3209
1764399600,3007.64,3010.78,3007.0,3009.22,858.9203
1764399900,3009.21,3009.82,3005.0,3005.52,845.0282
1764400200,3005.52,3013.04,3005.25,3011.83,336.4373
1764400500,3011.83,3014.51,3010.54,3012.0,637.4982
1764400800,3012.0,3012.22,3007.5,3008.15,548.4556
1764401100,3008.15,3009.78,3007.67,3008.58,401.0231
1764401400,3008.59,3009.86,3005.31,3005.31,552.9991
1764401700,3005.31,3007.02,2995.8,3000.72,2226.8552
1764402000,3000.72,3003.95,3000.33,3002.68,601.6994
1764402300,3002.69,3004.1,3001.62,3001.88,652.8099
1764402600,3001.87,3005.14,3001.62,3004.42,370.3846
1764402900,3004.42,3007.0,3004.42,3004.9,405.4627
1764403200,3004.9,3004.9,3001.03,3002.04,759.1549
1764403500,3002.04,3008.64,3002.04,3005.52,583.6537
1764403800,3005.52,3009.35,3005.03,3006.95,389.8987
1764404100,3006.95,3010.47,3006.25,3006.51,600.1979
1764404400,3006.5,3011.41,3006.5,3009.64,842.6225
1764404700,3009.64,3010.14,3005.95,3005.96,318.1671
1764405000,3005.96,3008.84,3003.14,3008.84,448.1746
1764405300,3008.85,3009.45,3007.06,3007.57,328.8258
1764405600,3007.57,3008.69,3005.62,3006.87,176.6395
1764405900,3006.87,3008.69,3005.69,3005.69,203.1942
1764406200,3005.7,3008.01,3005.61,3006.68,234.264
1764406500,3006.68,3008.46,3006.68,3008.29,245.0019
1764406800,3008.28,3010.34,3006.68,3009.66,609.1472
1764407100,3009.66,3010.4,3003.84,3005.5,720.2866
1764407400,3005.5,3008.1,3005.5,3006.37,316.1363
1764407700,3006.37,3007.81,3005.07,3005.86,470.0106
1764408000,3005.86,3005.86,3003.07,3003.18,726.7606
1764408300,3003.19,3004.8,3001.45,3001.48,749.2603
1764408600,3001.47,3002.91,2998.35,3000.82,2309.4386
1764408900,3000.83,3004.34,2999.1,3003.16,565.0649
1764409200,3003.16,3004.47,3002.79,3003.74,388.6318
1764409500,3003.75,3004.47,3002.57,3003.94,353.9098
1764409800,3003.93,3006.02,3003.93,3003.94,542.082
1764410100,3003.93,3004.14,3001.65,3002.05,639.1419
1764410400,3002.05,3003.46,3001.54,3001.91,710.907
1764410700,3001.91,3002.96,2998.0,2999.5,938.0168
1764411000,2999.51,3003.58,2999.51,3001.39,675.1918
1764411300,3001.39,3003.48,2993.18,2994.62,1438.3972
1764411600,2994.62,3000.07,2986.09,3000.07,3771.2248
1764411900,3000.07,3006.89,3000.07,3003.01,1941.9779
1764412200,3003.02,3007.95,3002.77,3004.63,1293.7447
1764412500,3004.64,3005.5,3003.45,3004.0,468.4218
1764412800,3004.0,3004.11,3002.27,3002.67,617.5316
1764413100,3002.67,3003.79,2998.87,2998.96,1090.0921
1764413400,2998.95,3001.24,2998.94,2998.97,836.0741
1764413700,2998.96,2999.4,2997.31,2997.32,437.7697
1764414000,2997.31,3001.01,2996.08,2999.8,2775.1944
1764414300,2999.8,2999.8,2992.08,2994.78,1285.5592
1764414600,2994.79,2999.4,2994.78,2998.26,420.0292
1764414900,2998.25,2998.71,2993.61,2993.62,1293.2167
1764415200,2993.62,2997.61,2993.61,2996.09,571.7325
1764415500,2996.09,2996.85,2995.0,2996.85,353.0933
1764415800,2996.85,2998.99,2995.48,2998.98,548.5293
1764416100,2998.99,3000.37,2998.14,3000.37,450.724
1764416400,3000.37,3002.86,3000.15,3000.15,731.6883
1764416700,3000.16,3000.99,2998.15,3000.66,490.524
1764417000,3000.66,3001.74,2999.23,3000.36,534.208
1764417300,3000.37,3000.9,2999.65,2999.82,402.6606
1764417600,2999.82,3001.5,2998.21,3001.5,352.2338
1764417900,3001.49,3002.3,3001.21,3001.71,1157.2401
1764418200,3001.7,3001.7,2994.9,2995.06,1316.6865
1764418500,2995.05,2996.49,2993.0,2994.44,849.0598
1764418800,2994.44,2996.5,2992.68,2993.91,782.3969
1764419100,2993.91,2996.46,2993.87,2995.31,593.54
1764419400,2995.31,2997.39,2994.12,2997.0,436.3547
1764419700,2997.01,2997.06,2993.71,2996.51,360.1832
1764420000,2996.51,2998.44,2996.51,2998.44,216.504
1764420300,2998.44,3000.0,2997.04,2997.8,327.4546
1764420600,2997.81,3000.36,2997.2,2998.86,330.4111
1764420900,2998.86,2998.89,2997.21,2997.22,186.8254
1764421200,2997.21,2997.78,2996.12,2997.78,247.5443
1764421500,2997.78,2999.0,2994.16,2994.17,525.4605
1764421800,2994.17,2996.94,2994.16,2994.81,662.0404
1764422100,2994.82,2995.36,2992.39,2995.35,623.3686
1764422400,2995.34,2997.83,2995.0,2995.45,507.2542
1764422700,2995.46,3000.37,2995.45,2999.74,353.8824
1764423000,2999.75,3001.31,2999.64,3001.0,509.2785
1764423300,3001.01,3001.01,2997.22,2999.1,221.2384
1764423600,2999.11,3000.74,2998.86,2999.46,279.6658
1764423900,2999.46,3000.67,2999.18,3000.65,236.525
1764424200,3000.65,3001.97,3000.0,3000.58,454.5028
1764424500,3000.59,3000.59,2997.67,2998.4,344.1624
1764424800,2998.4,2998.72,2994.0,2995.66,643.1549
1764425100,2995.66,2996.48,2994.22,2994.25,674.5846
1764425400,2994.25,2995.88,2992.71,2995.88,759.3503
1764425700,2995.87,2996.75,2993.7,2993.71,1022.0733
1764426000,2993.7,2996.5,2993.44,2995.4,831.9232
1764426300,2995.41,2996.09,2994.86,2994.87,699.868
1764426600,2994.86,2996.67,2993.31,2993.34,901.6783
1764426900,2993.34,2994.67,2992.17,2992.17,894.4588
1764427200,2992.18,2993.0,2988.66,2991.9,2899.5992
1764427500,2991.9,2995.86,2989.22,2995.16,1465.8447
1764427800,2995.16,2995.16,2988.28,2988.29,2450.7024
1764428100,2988.29,2988.29,2986.4,2988.28,2302.2551
1764428400,2988.29,2994.63,2988.29,2990.58,1509.6103
1764428700,2990.58,2992.36,2990.17,2990.76,808.8016
1764429000,2990.77,2993.0,2990.0,2991.91,1176.2683
1764429300,2991.91,3014.09,2991.91,3005.09,5108.9799
1764429600,3005.09,3010.45,3001.7,3002.5,1290.5523
1764429900,3002.5,3002.51,2996.86,3001.0,1485.7607
1764430200,3001.01,3004.49,2998.62,3003.14,992.3517
1764430500,3003.15,3003.15,2999.4,3002.24,966.7071
1764430800,3002.23,3002.94,2999.9,3000.31,747.725
1764431100,3000.31,3005.44,3000.27,3005.21,876.9342
1764431400,3005.21,3011.55,3003.78,3005.64,1611.838
1764431700,3005.64,3007.83,3004.86,3007.41,742.5173
1764432000,3007.41,3007.41,3002.76,3004.92,1025.8219
1764432300,3004.92,3006.12,3003.69,3004.96,887.7027
1764432600,3004.97,3008.83,3004.96,3005.4,392.3372
1764432900,3005.39,3008.4,3004.27,3007.99,601.6747
1764433200,3007.98,3011.31,3005.11,3005.34,1356.2769
1764433500,3005.35,3005.35,2998.37,3000.7,1818.47
1764433800,3000.69,3002.12,2999.24,3001.19,744.4934
1764434100,3001.19,3003.39,3000.0,3002.58,825.9502
1764434400,3002.57,3004.35,3001.19,3001.83,1085.4782
1764434700,3001.83,3001.9,2999.22,3000.63,1278.8536
1764435000,3000.62,3003.46,3000.56,3002.54,271.7375
